Processed,Req. Timestamp,Method,URL,Code,Reason,RTT,Size Resp. Header,Size Resp. Body,Highest Alert,Tags
Successfully,Sun Jul 06 22:18:45 IST 2025,GET,http://10.0.2.15/catalog/view/javascript/jquery/datetimepicker/moment.min.js,200,OK,4,261,53324,High,Comment
Successfully,Sun Jul 06 22:18:45 IST 2025,GET,http://10.0.2.15/catalog/view/javascript/jquery/datetimepicker/moment-with-locales.min.js,200,OK,8,263,369176,High,Comment
Successfully,Sun Jul 06 22:18:26 IST 2025,GET,http://10.0.2.15,200,OK,333,801,31318,Medium,"Form, Hidden, Script, SetCookie, Comment"
Successfully,Sun Jul 06 22:18:27 IST 2025,GET,http://10.0.2.15/sitemap.xml,404,Not Found,56,161,271,Medium,
Successfully,Sun Jul 06 22:18:27 IST 2025,GET,http://10.0.2.15/*?page=$,404,Not Found,36,161,271,Medium,
Successfully,Sun Jul 06 22:18:27 IST 2025,GET,http://10.0.2.15/*&page=$,404,Not Found,21,161,271,Medium,
Successfully,Sun Jul 06 22:18:27 IST 2025,GET,http://10.0.2.15/*?sort,404,Not Found,13,161,271,Medium,
Successfully,Sun Jul 06 22:18:27 IST 2025,GET,http://10.0.2.15/*&sort=,404,Not Found,19,161,271,Medium,
Successfully,Sun Jul 06 22:18:27 IST 2025,GET,http://10.0.2.15/*?order,404,Not Found,13,161,271,Medium,
Successfully,Sun Jul 06 22:18:27 IST 2025,GET,http://10.0.2.15/*&order=,404,Not Found,14,161,271,Medium,
Successfully,Sun Jul 06 22:18:27 IST 2025,GET,http://10.0.2.15/*?limit,404,Not Found,16,161,271,Medium,
Successfully,Sun Jul 06 22:18:27 IST 2025,GET,http://10.0.2.15/*&limit=,404,Not Found,55,161,271,Medium,
Successfully,Sun Jul 06 22:18:27 IST 2025,GET,http://10.0.2.15/*?filter_name,404,Not Found,37,161,271,Medium,
Successfully,Sun Jul 06 22:18:28 IST 2025,GET,http://10.0.2.15/*&filter_name=,404,Not Found,14,161,271,Medium,
Successfully,Sun Jul 06 22:18:28 IST 2025,GET,http://10.0.2.15/*?filter_sub_category,404,Not Found,38,161,271,Medium,
Successfully,Sun Jul 06 22:18:28 IST 2025,GET,http://10.0.2.15/*&filter_sub_category=,404,Not Found,24,161,271,Medium,
Successfully,Sun Jul 06 22:18:28 IST 2025,GET,http://10.0.2.15/*?filter_description,404,Not Found,6,161,271,Medium,
Successfully,Sun Jul 06 22:18:28 IST 2025,GET,http://10.0.2.15/*&filter_description=,404,Not Found,29,161,271,Medium,
Successfully,Sun Jul 06 22:18:28 IST 2025,GET,http://10.0.2.15/,200,OK,181,697,31318,Medium,"Form, Hidden, Script, SetCookie, Comment"
Successfully,Sun Jul 06 22:18:28 IST 2025,GET,http://10.0.2.15/EUR,404,Not Found,25,161,271,Medium,
Successfully,Sun Jul 06 22:18:28 IST 2025,GET,http://10.0.2.15/GBP,404,Not Found,4,161,271,Medium,
Successfully,Sun Jul 06 22:18:28 IST 2025,GET,http://10.0.2.15/USD,404,Not Found,61,161,271,Medium,
Successfully,Sun Jul 06 22:18:29 IST 2025,GET,http://10.0.2.15/index.php?language=en-gb&route=information/contact,200,OK,263,697,20274,Medium,"Form, Hidden, Script, SetCookie, Comment"
Successfully,Sun Jul 06 22:18:29 IST 2025,GET,http://10.0.2.15/index.php?language=en-gb&route=account/register,200,OK,402,697,24224,Medium,"Form, Password, Hidden, Script, SetCookie, Comment"
Successfully,Sun Jul 06 22:18:29 IST 2025,GET,http://10.0.2.15/index.php?language=en-gb&route=account/login,200,OK,184,697,21809,Medium,"Form, Password, Hidden, Script, SetCookie, Comment"
Successfully,Sun Jul 06 22:18:30 IST 2025,GET,http://10.0.2.15/index.php?language=en-gb&route=checkout/cart,200,OK,135,697,18361,Medium,"Form, Hidden, Script, SetCookie, Comment"
Successfully,Sun Jul 06 22:18:30 IST 2025,GET,http://10.0.2.15/index.php?language=en-gb&route=common/home,200,OK,546,697,31337,Medium,"Form, Hidden, Script, SetCookie, Comment"
Successfully,Sun Jul 06 22:18:30 IST 2025,GET,http://10.0.2.15/index.php?language=en-gb&path=20&route=product/category,200,OK,843,697,45596,Medium,"Form, Hidden, Script, SetCookie, Comment"
Successfully,Sun Jul 06 22:18:31 IST 2025,GET,http://10.0.2.15/index.php?language=en-gb&path=20_26&route=product/category,200,OK,200,697,21614,Medium,"Form, Hidden, Script, SetCookie, Comment"
Successfully,Sun Jul 06 22:18:31 IST 2025,GET,http://10.0.2.15/index.php?language=en-gb&path=20_27&route=product/category,200,OK,200,697,27584,Medium,"Form, Hidden, Script, SetCookie, Comment"
Successfully,Sun Jul 06 22:18:31 IST 2025,GET,http://10.0.2.15/index.php?language=en-gb&path=18&route=product/category,200,OK,358,697,35925,Medium,"Form, Hidden, Script, SetCookie, Comment"
Successfully,Sun Jul 06 22:18:32 IST 2025,GET,http://10.0.2.15/index.php?language=en-gb&path=18_46&route=product/category,200,OK,257,697,22157,Medium,"Form, Hidden, Script, SetCookie, Comment"
Successfully,Sun Jul 06 22:18:32 IST 2025,GET,http://10.0.2.15/index.php?language=en-gb&path=18_45&route=product/category,200,OK,163,697,22160,Medium,"Form, Hidden, Script, SetCookie, Comment"
Successfully,Sun Jul 06 22:18:32 IST 2025,GET,http://10.0.2.15/index.php?language=en-gb&path=25&route=product/category,200,OK,237,697,22482,Medium,"Form, Hidden, Script, SetCookie, Comment"
Successfully,Sun Jul 06 22:18:32 IST 2025,GET,http://10.0.2.15/index.php?language=en-gb&path=25_29&route=product/category,200,OK,167,697,21881,Medium,"Form, Hidden, Script, SetCookie, Comment"
Successfully,Sun Jul 06 22:18:32 IST 2025,GET,http://10.0.2.15/index.php?language=en-gb&path=25_28&route=product/category,200,OK,230,697,30383,Medium,"Form, Hidden, Script, SetCookie, Comment"
Successfully,Sun Jul 06 22:18:33 IST 2025,GET,http://10.0.2.15/index.php?language=en-gb&path=25_30&route=product/category,200,OK,158,697,21870,Medium,"Form, Hidden, Script, SetCookie, Comment"
Successfully,Sun Jul 06 22:18:33 IST 2025,GET,http://10.0.2.15/index.php?language=en-gb&path=25_31&route=product/category,200,OK,198,697,21870,Medium,"Form, Hidden, Script, SetCookie, Comment"
Successfully,Sun Jul 06 22:18:33 IST 2025,GET,http://10.0.2.15/index.php?language=en-gb&path=25_32&route=product/category,200,OK,284,697,21873,Medium,"Form, Hidden, Script, SetCookie, Comment"
Successfully,Sun Jul 06 22:18:33 IST 2025,GET,http://10.0.2.15/index.php?language=en-gb&path=57&route=product/category,200,OK,342,697,26679,Medium,"Form, Hidden, Script, SetCookie, Comment"
Successfully,Sun Jul 06 22:18:33 IST 2025,GET,http://10.0.2.15/index.php?language=en-gb&path=17&route=product/category,200,OK,284,697,20698,Medium,"Form, Hidden, Script, SetCookie, Comment"
Successfully,Sun Jul 06 22:18:34 IST 2025,GET,http://10.0.2.15/index.php?language=en-gb&path=24&route=product/category,200,OK,214,697,30413,Medium,"Form, Hidden, Script, SetCookie, Comment"
Successfully,Sun Jul 06 22:18:34 IST 2025,GET,http://10.0.2.15/index.php?language=en-gb&path=33&route=product/category,200,OK,193,697,28552,Medium,"Form, Hidden, Script, SetCookie, Comment"
Successfully,Sun Jul 06 22:18:34 IST 2025,GET,http://10.0.2.15/index.php?language=en-gb&path=34&route=product/category,200,OK,584,697,40091,Medium,"Form, Hidden, Script, SetCookie, Comment"
Successfully,Sun Jul 06 22:18:34 IST 2025,GET,http://10.0.2.15/index.php?language=en-gb&path=34_43&route=product/category,200,OK,353,697,25209,Medium,"Form, Hidden, Script, SetCookie, Comment"
Successfully,Sun Jul 06 22:18:35 IST 2025,GET,http://10.0.2.15/index.php?language=en-gb&path=34_47&route=product/category,200,OK,220,697,25209,Medium,"Form, Hidden, Script, SetCookie, Comment"
Successfully,Sun Jul 06 22:18:35 IST 2025,GET,http://10.0.2.15/index.php?language=en-gb&path=34_48&route=product/category,200,OK,184,697,25209,Medium,"Form, Hidden, Script, SetCookie, Comment"
Successfully,Sun Jul 06 22:18:35 IST 2025,GET,http://10.0.2.15/index.php?language=en-gb&path=34_49&route=product/category,200,OK,186,697,25209,Medium,"Form, Hidden, Script, SetCookie, Comment"
Successfully,Sun Jul 06 22:18:35 IST 2025,GET,http://10.0.2.15/index.php?language=en-gb&path=34_50&route=product/category,200,OK,271,697,25209,Medium,"Form, Hidden, Script, SetCookie, Comment"
Successfully,Sun Jul 06 22:18:36 IST 2025,GET,http://10.0.2.15/index.php?language=en-gb&path=34_51&route=product/category,200,OK,290,697,25209,Medium,"Form, Hidden, Script, SetCookie, Comment"
Successfully,Sun Jul 06 22:18:36 IST 2025,GET,http://10.0.2.15/index.php?language=en-gb&path=34_52&route=product/category,200,OK,168,697,25356,Medium,"Form, Hidden, Script, SetCookie, Comment"
Successfully,Sun Jul 06 22:18:36 IST 2025,GET,http://10.0.2.15/index.php?language=en-gb&path=34_53&route=product/category,200,OK,218,697,25209,Medium,"Form, Hidden, Script, SetCookie, Comment"
Successfully,Sun Jul 06 22:18:36 IST 2025,GET,http://10.0.2.15/index.php?language=en-gb&path=34_54&route=product/category,200,OK,308,697,25209,Medium,"Form, Hidden, Script, SetCookie, Comment"
Successfully,Sun Jul 06 22:18:36 IST 2025,GET,http://10.0.2.15/index.php?language=en-gb&path=34_55&route=product/category,200,OK,299,697,25209,Medium,"Form, Hidden, Script, SetCookie, Comment"
Successfully,Sun Jul 06 22:18:37 IST 2025,GET,http://10.0.2.15/index.php?language=en-gb&path=34_56&route=product/category,200,OK,286,697,25209,Medium,"Form, Hidden, Script, SetCookie, Comment"
Successfully,Sun Jul 06 22:18:37 IST 2025,GET,http://10.0.2.15/index.php?language=en-gb&path=34_38&route=product/category,200,OK,314,697,25208,Medium,"Form, Hidden, Script, SetCookie, Comment"
Successfully,Sun Jul 06 22:18:37 IST 2025,GET,http://10.0.2.15/index.php?language=en-gb&path=34_37&route=product/category,200,OK,243,697,25208,Medium,"Form, Hidden, Script, SetCookie, Comment"
Successfully,Sun Jul 06 22:18:37 IST 2025,GET,http://10.0.2.15/index.php?language=en-gb&path=34_39&route=product/category,200,OK,291,697,25208,Medium,"Form, Hidden, Script, SetCookie, Comment"
Successfully,Sun Jul 06 22:18:38 IST 2025,GET,http://10.0.2.15/index.php?language=en-gb&path=34_40&route=product/category,200,OK,183,697,25208,Medium,"Form, Hidden, Script, SetCookie, Comment"
Successfully,Sun Jul 06 22:18:38 IST 2025,GET,http://10.0.2.15/index.php?language=en-gb&path=34_41&route=product/category,200,OK,191,697,25208,Medium,"Form, Hidden, Script, SetCookie, Comment"
Successfully,Sun Jul 06 22:18:38 IST 2025,GET,http://10.0.2.15/index.php?language=en-gb&path=34_42&route=product/category,200,OK,183,697,25208,Medium,"Form, Hidden, Script, SetCookie, Comment"
Successfully,Sun Jul 06 22:18:38 IST 2025,GET,http://10.0.2.15/index.php?path=57&product_id=49&route=product/product,200,OK,2309,697,32628,Medium,"Form, Hidden, Script, SetCookie, Comment"
Successfully,Sun Jul 06 22:18:38 IST 2025,GET,http://10.0.2.15/index.php?language=en-gb&product_id=43&route=product/product,200,OK,2144,697,32461,Medium,"Form, Hidden, Script, SetCookie, Comment"
Successfully,Sun Jul 06 22:18:41 IST 2025,GET,http://10.0.2.15/index.php?language=en-gb&product_id=40&route=product/product,200,OK,1831,697,32892,Medium,"Form, Hidden, Script, SetCookie, Comment"
Successfully,Sun Jul 06 22:18:41 IST 2025,GET,http://10.0.2.15/index.php?language=en-gb&product_id=42&route=product/product,200,OK,1815,697,54393,Medium,"Form, Hidden, Script, SetCookie, Comment"
Successfully,Sun Jul 06 22:18:43 IST 2025,GET,http://10.0.2.15/index.php?language=en-gb&product_id=30&route=product/product,200,OK,548,697,31850,Medium,"Form, Hidden, Script, SetCookie, Comment"
Successfully,Sun Jul 06 22:18:43 IST 2025,GET,http://10.0.2.15/index.php?information_id=2&language=en-gb&route=information/information,200,OK,312,697,18304,Medium,"Form, Hidden, Script, SetCookie, Comment"
Successfully,Sun Jul 06 22:18:43 IST 2025,GET,http://10.0.2.15/index.php?information_id=4&language=en-gb&route=information/information,200,OK,165,697,18296,Medium,"Form, Hidden, Script, SetCookie, Comment"
Successfully,Sun Jul 06 22:18:43 IST 2025,GET,http://10.0.2.15/index.php?information_id=1&language=en-gb&route=information/information,200,OK,108,697,18248,Medium,"Form, Hidden, Script, SetCookie, Comment"
Successfully,Sun Jul 06 22:18:44 IST 2025,GET,http://10.0.2.15/index.php?information_id=3&language=en-gb&route=information/information,200,OK,146,697,18272,Medium,"Form, Hidden, Script, SetCookie, Comment"
Successfully,Sun Jul 06 22:18:44 IST 2025,GET,http://10.0.2.15/index.php?language=en-gb&route=account/returns.add,200,OK,181,697,27362,Medium,"Form, Hidden, Script, SetCookie, Comment"
Successfully,Sun Jul 06 22:18:44 IST 2025,GET,http://10.0.2.15/index.php?language=en-gb&route=information/sitemap,200,OK,412,697,28492,Medium,"Form, Hidden, Script, SetCookie, Comment"
Successfully,Sun Jul 06 22:18:44 IST 2025,GET,http://10.0.2.15/index.php?language=en-gb&route=product/manufacturer,200,OK,244,697,20818,Medium,"Form, Hidden, Script, SetCookie, Comment"
Successfully,Sun Jul 06 22:18:44 IST 2025,GET,http://10.0.2.15/index.php?language=en-gb&route=checkout/voucher,200,OK,305,697,22698,Medium,"Form, Hidden, Script, SetCookie, Comment"
Successfully,Sun Jul 06 22:18:44 IST 2025,GET,http://10.0.2.15/index.php?language=en-gb&route=product/special,200,OK,267,697,26242,Medium,"Form, Hidden, Script, SetCookie, Comment"
Successfully,Sun Jul 06 22:18:46 IST 2025,POST,http://10.0.2.15/,200,OK,331,801,31318,Medium,"Form, Hidden, Script, SetCookie, Comment"
Successfully,Sun Jul 06 22:18:46 IST 2025,POST,http://10.0.2.15/,200,OK,320,801,31318,Medium,"Form, Hidden, Script, SetCookie, Comment"
Successfully,Sun Jul 06 22:18:46 IST 2025,POST,http://10.0.2.15/,200,OK,294,697,31318,Medium,"Form, Hidden, Script, SetCookie, Comment"
Successfully,Sun Jul 06 22:18:46 IST 2025,POST,http://10.0.2.15/,200,OK,282,697,31318,Medium,"Form, Hidden, Script, SetCookie, Comment"
Successfully,Sun Jul 06 22:18:47 IST 2025,GET,http://10.0.2.15/index.php?information_id=3&language=en-gb&route=information/information.info,200,OK,46,718,409,Medium,SetCookie
Successfully,Sun Jul 06 22:18:47 IST 2025,GET,http://10.0.2.15/index.php?language=en-gb&route=account/forgotten,200,OK,305,697,21126,Medium,"Form, Hidden, Script, SetCookie, Comment"
Successfully,Sun Jul 06 22:18:47 IST 2025,POST,http://10.0.2.15/index.php?language=en-gb&route=information/contact.send,200,OK,79,663,71,Medium,"SetCookie, JSON"
Successfully,Sun Jul 06 22:18:47 IST 2025,POST,http://10.0.2.15/index.php?language=en-gb&register_token=73fbaeafbc8d33c4a41c1cf3de&route=account/register.register,200,OK,67,767,70,Medium,"SetCookie, JSON"
Successfully,Sun Jul 06 22:18:47 IST 2025,POST,http://10.0.2.15/index.php?language=en-gb&login_token=9764cb068353207ef2089bd5f6&route=account/login.login,200,OK,145,767,78,Medium,"SetCookie, JSON"
Successfully,Sun Jul 06 22:18:47 IST 2025,GET,http://10.0.2.15/index.php?manufacturer_id=7&route=product/manufacturer.info,200,OK,361,801,24992,Medium,"Form, Hidden, Script, SetCookie, Comment"
Successfully,Sun Jul 06 22:18:47 IST 2025,GET,http://10.0.2.15/index.php?language=en-gb&route=product/compare,200,OK,314,697,18419,Medium,"Form, Hidden, Script, SetCookie, Comment"
Successfully,Sun Jul 06 22:18:48 IST 2025,GET,http://10.0.2.15/index.php?language=en-gb&path=20&product_id=42&route=product/product,200,OK,285,697,54564,Medium,"Form, Hidden, Script, SetCookie, Comment"
Successfully,Sun Jul 06 22:18:48 IST 2025,GET,http://10.0.2.15/index.php?language=en-gb&path=20&product_id=30&route=product/product,200,OK,286,697,32021,Medium,"Form, Hidden, Script, SetCookie, Comment"
Successfully,Sun Jul 06 22:18:48 IST 2025,GET,http://10.0.2.15/index.php?language=en-gb&path=20&product_id=47&route=product/product,200,OK,698,697,32465,Medium,"Form, Hidden, Script, SetCookie, Comment"
Successfully,Sun Jul 06 22:18:48 IST 2025,GET,http://10.0.2.15/index.php?language=en-gb&path=20&product_id=28&route=product/product,200,OK,949,697,32215,Medium,"Form, Hidden, Script, SetCookie, Comment"
Successfully,Sun Jul 06 22:18:49 IST 2025,GET,http://10.0.2.15/index.php?language=en-gb&path=20&product_id=40&route=product/product,200,OK,253,697,33063,Medium,"Form, Hidden, Script, SetCookie, Comment"
Successfully,Sun Jul 06 22:18:49 IST 2025,GET,http://10.0.2.15/index.php?language=en-gb&path=20&product_id=48&route=product/product,200,OK,1223,697,31117,Medium,"Form, Hidden, Script, SetCookie, Comment"
Successfully,Sun Jul 06 22:18:50 IST 2025,GET,http://10.0.2.15/index.php?language=en-gb&path=20&product_id=43&route=product/product,200,OK,350,801,32632,Medium,"Form, Hidden, Script, SetCookie, Comment"
Successfully,Sun Jul 06 22:18:50 IST 2025,GET,http://10.0.2.15/index.php?language=en-gb&path=20&product_id=44&route=product/product,200,OK,861,697,30597,Medium,"Form, Hidden, Script, SetCookie, Comment"
Successfully,Sun Jul 06 22:18:51 IST 2025,GET,http://10.0.2.15/index.php?language=en-gb&path=20&product_id=29&route=product/product,200,OK,858,697,31412,Medium,"Form, Hidden, Script, SetCookie, Comment"
Successfully,Sun Jul 06 22:18:51 IST 2025,GET,http://10.0.2.15/index.php?language=en-gb&path=20&product_id=35&route=product/product,200,OK,452,697,29852,Medium,"Form, Hidden, Script, SetCookie, Comment"
Successfully,Sun Jul 06 22:18:52 IST 2025,GET,http://10.0.2.15/index.php?language=en-gb&page=2&path=20&route=product/category,200,OK,183,697,30727,Medium,"Form, Hidden, Script, SetCookie, Comment"
Successfully,Sun Jul 06 22:18:52 IST 2025,POST,http://10.0.2.15/,200,OK,314,801,31318,Medium,"Form, Hidden, Script, SetCookie, Comment"
Successfully,Sun Jul 06 22:18:52 IST 2025,POST,http://10.0.2.15/,200,OK,302,801,31318,Medium,"Form, Hidden, Script, SetCookie, Comment"
Successfully,Sun Jul 06 22:18:53 IST 2025,POST,http://10.0.2.15/,200,OK,292,697,31318,Medium,"Form, Hidden, Script, SetCookie, Comment"
Successfully,Sun Jul 06 22:18:53 IST 2025,POST,http://10.0.2.15/,200,OK,221,697,31318,Medium,"Form, Hidden, Script, SetCookie, Comment"
Successfully,Sun Jul 06 22:18:53 IST 2025,POST,http://10.0.2.15/,200,OK,308,697,31318,Medium,"Form, Hidden, Script, SetCookie, Comment"
Successfully,Sun Jul 06 22:18:53 IST 2025,POST,http://10.0.2.15/,200,OK,288,697,31318,Medium,"Form, Hidden, Script, SetCookie, Comment"
Successfully,Sun Jul 06 22:18:54 IST 2025,GET,http://10.0.2.15/index.php?language=en-gb&path=20_27&product_id=41&route=product/product,200,OK,965,697,32326,Medium,"Form, Hidden, Script, SetCookie, Comment"
Successfully,Sun Jul 06 22:18:54 IST 2025,POST,http://10.0.2.15/,200,OK,335,801,31318,Medium,"Form, Hidden, Script, SetCookie, Comment"
Successfully,Sun Jul 06 22:18:54 IST 2025,GET,http://10.0.2.15/index.php?language=en-gb&path=18&product_id=47&route=product/product,200,OK,284,697,32480,Medium,"Form, Hidden, Script, SetCookie, Comment"
Successfully,Sun Jul 06 22:18:55 IST 2025,GET,http://10.0.2.15/index.php?language=en-gb&path=18&product_id=43&route=product/product,200,OK,254,697,32647,Medium,"Form, Hidden, Script, SetCookie, Comment"
Successfully,Sun Jul 06 22:18:55 IST 2025,GET,http://10.0.2.15/index.php?language=en-gb&path=18&product_id=44&route=product/product,200,OK,257,697,30612,Medium,"Form, Hidden, Script, SetCookie, Comment"
Successfully,Sun Jul 06 22:18:55 IST 2025,GET,http://10.0.2.15/index.php?language=en-gb&path=18&product_id=45&route=product/product,200,OK,1456,697,31609,Medium,"Form, Hidden, Script, SetCookie, Comment"
Successfully,Sun Jul 06 22:18:55 IST 2025,GET,http://10.0.2.15/index.php?language=en-gb&path=18&product_id=46&route=product/product,200,OK,1513,697,30903,Medium,"Form, Hidden, Script, SetCookie, Comment"
Successfully,Sun Jul 06 22:18:57 IST 2025,POST,http://10.0.2.15/,200,OK,274,801,31318,Medium,"Form, Hidden, Script, SetCookie, Comment"
Successfully,Sun Jul 06 22:18:57 IST 2025,POST,http://10.0.2.15/,200,OK,350,801,31318,Medium,"Form, Hidden, Script, SetCookie, Comment"
Successfully,Sun Jul 06 22:18:57 IST 2025,GET,http://10.0.2.15/index.php?language=en-gb&path=25_28_35&route=product/category,200,OK,276,801,22023,Medium,"Form, Hidden, Script, SetCookie, Comment"
Successfully,Sun Jul 06 22:18:57 IST 2025,GET,http://10.0.2.15/index.php?language=en-gb&path=25_28_36&route=product/category,200,OK,264,801,22023,Medium,"Form, Hidden, Script, SetCookie, Comment"
Successfully,Sun Jul 06 22:18:58 IST 2025,GET,http://10.0.2.15/index.php?language=en-gb&path=25_28&product_id=42&route=product/product,200,OK,258,697,54722,Medium,"Form, Hidden, Script, SetCookie, Comment"
Successfully,Sun Jul 06 22:18:58 IST 2025,GET,http://10.0.2.15/index.php?language=en-gb&path=25_28&product_id=33&route=product/product,200,OK,431,697,29912,Medium,"Form, Hidden, Script, SetCookie, Comment"
Successfully,Sun Jul 06 22:18:58 IST 2025,POST,http://10.0.2.15/,200,OK,236,801,31318,Medium,"Form, Hidden, Script, SetCookie, Comment"
Successfully,Sun Jul 06 22:18:59 IST 2025,GET,http://10.0.2.15/index.php?language=en-gb&path=57&product_id=49&route=product/product,200,OK,193,801,32647,Medium,"Form, Hidden, Script, SetCookie, Comment"
Successfully,Sun Jul 06 22:18:59 IST 2025,GET,http://10.0.2.15/index.php?language=en-gb&path=24&product_id=28&route=product/product,200,OK,291,801,32224,Medium,"Form, Hidden, Script, SetCookie, Comment"
Successfully,Sun Jul 06 22:18:59 IST 2025,POST,http://10.0.2.15/,200,OK,315,801,31318,Medium,"Form, Hidden, Script, SetCookie, Comment"
Successfully,Sun Jul 06 22:18:59 IST 2025,GET,http://10.0.2.15/index.php?language=en-gb&path=24&product_id=40&route=product/product,200,OK,260,697,33072,Medium,"Form, Hidden, Script, SetCookie, Comment"
Successfully,Sun Jul 06 22:18:59 IST 2025,GET,http://10.0.2.15/index.php?language=en-gb&path=24&product_id=29&route=product/product,200,OK,277,697,31421,Medium,"Form, Hidden, Script, SetCookie, Comment"
Successfully,Sun Jul 06 22:19:00 IST 2025,GET,http://10.0.2.15/index.php?language=en-gb&path=33&product_id=30&route=product/product,200,OK,332,697,32020,Medium,"Form, Hidden, Script, SetCookie, Comment"
Successfully,Sun Jul 06 22:19:00 IST 2025,GET,http://10.0.2.15/index.php?language=en-gb&path=33&product_id=31&route=product/product,200,OK,1425,697,32831,Medium,"Form, Hidden, Script, SetCookie, Comment"
Successfully,Sun Jul 06 22:19:01 IST 2025,POST,http://10.0.2.15/,200,OK,382,801,31318,Medium,"Form, Hidden, Script, SetCookie, Comment"
Successfully,Sun Jul 06 22:19:01 IST 2025,GET,http://10.0.2.15/index.php?language=en-gb&path=34&product_id=48&route=product/product,200,OK,211,697,31120,Medium,"Form, Hidden, Script, SetCookie, Comment"
Successfully,Sun Jul 06 22:19:02 IST 2025,GET,http://10.0.2.15/index.php?language=en-gb&path=34&product_id=36&route=product/product,200,OK,1968,697,31649,Medium,"Form, Hidden, Script, SetCookie, Comment"
Successfully,Sun Jul 06 22:19:02 IST 2025,GET,http://10.0.2.15/index.php?language=en-gb&path=34&product_id=34&route=product/product,200,OK,1797,697,31227,Medium,"Form, Hidden, Script, SetCookie, Comment"
Successfully,Sun Jul 06 22:19:04 IST 2025,GET,http://10.0.2.15/index.php?language=en-gb&path=34&product_id=32&route=product/product,200,OK,2131,697,31905,Medium,"Form, Hidden, Script, SetCookie, Comment"
Successfully,Sun Jul 06 22:19:04 IST 2025,POST,http://10.0.2.15/,200,OK,413,801,31318,Medium,"Form, Hidden, Script, SetCookie, Comment"
Successfully,Sun Jul 06 22:19:05 IST 2025,POST,http://10.0.2.15/,200,OK,357,697,31318,Medium,"Form, Hidden, Script, SetCookie, Comment"
Successfully,Sun Jul 06 22:19:05 IST 2025,POST,http://10.0.2.15/,200,OK,312,697,31318,Medium,"Form, Hidden, Script, SetCookie, Comment"
Successfully,Sun Jul 06 22:19:06 IST 2025,GET,http://10.0.2.15/index.php?language=en-gb&path=34_52_58&route=product/category,200,OK,225,801,24519,Medium,"Form, Hidden, Script, SetCookie, Comment"
Successfully,Sun Jul 06 22:19:07 IST 2025,GET,http://10.0.2.15/index.php?language=en-gb&manufacturer_id=8&route=product/manufacturer.info,200,OK,219,801,42055,Medium,"Form, Hidden, Script, SetCookie, Comment"
Successfully,Sun Jul 06 22:19:07 IST 2025,GET,http://10.0.2.15/index.php?language=en-gb&product_id=49&route=product/product,200,OK,169,697,32477,Medium,"Form, Hidden, Script, SetCookie, Comment"
Successfully,Sun Jul 06 22:19:08 IST 2025,POST,http://10.0.2.15/,200,OK,350,801,31318,Medium,"Form, Hidden, Script, SetCookie, Comment"
Successfully,Sun Jul 06 22:19:08 IST 2025,GET,http://10.0.2.15/?product_id=43&quantity=3,200,OK,327,801,31351,Medium,"Form, Hidden, Script, SetCookie, Comment"
Successfully,Sun Jul 06 22:19:08 IST 2025,GET,http://10.0.2.15/?name=ZAP&rating=1&text,200,OK,317,697,31354,Medium,"Form, Hidden, Script, SetCookie, Comment"
Successfully,Sun Jul 06 22:19:08 IST 2025,POST,http://10.0.2.15/,200,OK,318,801,31318,Medium,"Form, Hidden, Script, SetCookie, Comment"
Successfully,Sun Jul 06 22:19:09 IST 2025,GET,http://10.0.2.15/?product_id=49&quantity=3,200,OK,161,697,31351,Medium,"Form, Hidden, Script, SetCookie, Comment"
Successfully,Sun Jul 06 22:19:09 IST 2025,GET,http://10.0.2.15/index.php?language=en-gb&product_id=41&route=product/product,200,OK,185,697,32004,Medium,"Form, Hidden, Script, SetCookie, Comment"
Successfully,Sun Jul 06 22:19:10 IST 2025,POST,http://10.0.2.15/,200,OK,325,697,31318,Medium,"Form, Hidden, Script, SetCookie, Comment"
Successfully,Sun Jul 06 22:19:10 IST 2025,GET,http://10.0.2.15/?product_id=40&quantity=3,200,OK,357,801,31351,Medium,"Form, Hidden, Script, SetCookie, Comment"
Successfully,Sun Jul 06 22:19:10 IST 2025,POST,http://10.0.2.15/,200,OK,343,801,31318,Medium,"Form, Hidden, Script, SetCookie, Comment"
Successfully,Sun Jul 06 22:19:10 IST 2025,GET,http://10.0.2.15/?option%5B208%5D=test&option%5B209%5D&option%5B217%5D=4&option%5B218%5D=5&option%5B219%5D=2011-02-20&option%5B220%5D=2011-02-20+22%3A25&option%5B221%5D=22%3A25&option%5B222%5D&option%5B223%5D%5B%5D=8&product_id=42&quantity=3,200,OK,283,801,31545,Medium,"Form, Hidden, Script, SetCookie, Comment"
Successfully,Sun Jul 06 22:19:10 IST 2025,GET,http://10.0.2.15/index.php?language=en-gb&manufacturer_id=9&route=product/manufacturer.info,200,OK,113,697,25037,Medium,"Form, Hidden, Script, SetCookie, Comment"
Successfully,Sun Jul 06 22:19:11 IST 2025,POST,http://10.0.2.15/,200,OK,328,801,31318,Medium,"Form, Hidden, Script, SetCookie, Comment"
Successfully,Sun Jul 06 22:19:11 IST 2025,GET,http://10.0.2.15/?option%5B226%5D=15&product_id=30&quantity=3,200,OK,338,801,31370,Medium,"Form, Hidden, Script, SetCookie, Comment"
Successfully,Sun Jul 06 22:19:11 IST 2025,POST,http://10.0.2.15/index.php?language=en-gb&return_token=88628622e078ae85c9d05217a7&route=account/returns.save,200,OK,153,767,90,Medium,"SetCookie, JSON"
Successfully,Sun Jul 06 22:19:11 IST 2025,GET,http://10.0.2.15/index.php?language=en-gb&route=product/search,200,OK,257,697,24887,Medium,"Form, Hidden, Script, SetCookie, Comment"
Successfully,Sun Jul 06 22:19:11 IST 2025,GET,http://10.0.2.15/index.php?language=en-gb&manufacturer_id=7&route=product/manufacturer.info,200,OK,229,697,25011,Medium,"Form, Hidden, Script, SetCookie, Comment"
Successfully,Sun Jul 06 22:19:12 IST 2025,GET,http://10.0.2.15/index.php?language=en-gb&manufacturer_id=5&route=product/manufacturer.info,200,OK,298,697,24994,Medium,"Form, Hidden, Script, SetCookie, Comment"
Successfully,Sun Jul 06 22:19:12 IST 2025,GET,http://10.0.2.15/index.php?language=en-gb&manufacturer_id=6&route=product/manufacturer.info,200,OK,261,697,25001,Medium,"Form, Hidden, Script, SetCookie, Comment"
Successfully,Sun Jul 06 22:19:12 IST 2025,GET,http://10.0.2.15/index.php?language=en-gb&manufacturer_id=10&route=product/manufacturer.info,200,OK,261,697,25008,Medium,"Form, Hidden, Script, SetCookie, Comment"
Successfully,Sun Jul 06 22:19:12 IST 2025,POST,http://10.0.2.15/index.php?language=en-gb&route=checkout/voucher.add&voucher_token=912bac608da93e34b252347a60,200,OK,95,768,209,Medium,"SetCookie, JSON"
Successfully,Sun Jul 06 22:19:13 IST 2025,GET,http://10.0.2.15/index.php?route=common/home,200,OK,240,801,31318,Medium,"Form, Hidden, Script, SetCookie, Comment"
Successfully,Sun Jul 06 22:19:13 IST 2025,POST,http://10.0.2.15/index.php?language=en-gb&route=account/forgotten.confirm,200,OK,91,767,69,Medium,"SetCookie, JSON"
Successfully,Sun Jul 06 22:19:13 IST 2025,GET,http://10.0.2.15/index.php?language=en-gb&manufacturer_id=7&product_id=47&route=product/product,200,OK,278,697,32647,Medium,"Form, Hidden, Script, SetCookie, Comment"
Successfully,Sun Jul 06 22:18:26 IST 2025,GET,http://10.0.2.15/robots.txt,200,OK,215,253,343,Low,Comment
Successfully,Sun Jul 06 22:18:30 IST 2025,GET,http://10.0.2.15/index.php?language=en-gb&route=account/wishlist,302,Found,82,351,0,Low,SetCookie
Successfully,Sun Jul 06 22:18:30 IST 2025,GET,http://10.0.2.15/index.php?language=en-gb&route=checkout/checkout,302,Found,95,351,0,Low,SetCookie
Successfully,Sun Jul 06 22:18:44 IST 2025,GET,http://10.0.2.15/index.php?language=en-gb&route=account/affiliate,302,Found,86,351,0,Low,SetCookie
Successfully,Sun Jul 06 22:18:45 IST 2025,GET,http://10.0.2.15/index.php?language=en-gb&route=account/account,302,Found,32,351,0,Low,SetCookie
Successfully,Sun Jul 06 22:18:45 IST 2025,GET,http://10.0.2.15/index.php?language=en-gb&route=account/order,302,Found,51,351,0,Low,SetCookie
Successfully,Sun Jul 06 22:18:45 IST 2025,GET,http://10.0.2.15/index.php?language=en-gb&route=account/newsletter,302,Found,45,351,0,Low,SetCookie
Successfully,Sun Jul 06 22:18:45 IST 2025,GET,http://10.0.2.15/catalog/view/stylesheet/fonts/fontawesome/css/all.min.css,200,OK,12,256,102217,Low,Comment
Successfully,Sun Jul 06 22:18:45 IST 2025,GET,http://10.0.2.15/catalog/view/stylesheet/stylesheet.css,200,OK,13,254,13048,Low,Comment
Successfully,Sun Jul 06 22:18:45 IST 2025,GET,http://10.0.2.15/catalog/view/javascript/jquery/datetimepicker/daterangepicker.css,200,OK,42,253,7659,Low,Comment
Successfully,Sun Jul 06 22:18:45 IST 2025,GET,http://10.0.2.15/catalog/view/javascript/jquery/jquery-3.7.1.min.js,200,OK,6,262,87533,Low,"Form, Script, Comment"
Successfully,Sun Jul 06 22:18:45 IST 2025,GET,http://10.0.2.15/catalog/view/javascript/jquery/datetimepicker/daterangepicker.js,200,OK,33,262,66250,Low,Comment
Successfully,Sun Jul 06 22:18:45 IST 2025,GET,http://10.0.2.15/catalog/view/javascript/common.js,200,OK,21,261,18329,Low,"Form, Upload, Comment"
Successfully,Sun Jul 06 22:18:45 IST 2025,GET,http://10.0.2.15/catalog/view/javascript/bootstrap/js/bootstrap.bundle.min.js,200,OK,22,262,80668,Low,Comment
Not Text,Sun Jul 06 22:18:45 IST 2025,GET,http://10.0.2.15/image/catalog/opencart-logo.png,200,OK,24,231,5256,Low,
Not Text,Sun Jul 06 22:18:45 IST 2025,GET,http://10.0.2.15/image/cache/catalog/demo/banners/iPhone6-1140x380.jpg,200,OK,25,233,34865,Low,
Not Text,Sun Jul 06 22:18:45 IST 2025,GET,http://10.0.2.15/image/cache/catalog/demo/banners/MacBookAir-1140x380.jpg,200,OK,10,235,138348,Low,Comment
Not Text,Sun Jul 06 22:18:45 IST 2025,GET,http://10.0.2.15/image/cache/catalog/demo/macbook_1-200x200.jpg,200,OK,44,232,6610,Low,
Not Text,Sun Jul 06 22:18:45 IST 2025,GET,http://10.0.2.15/image/cache/catalog/demo/iphone_1-200x200.jpg,200,OK,22,232,9954,Low,
Not Text,Sun Jul 06 22:18:45 IST 2025,GET,http://10.0.2.15/image/cache/catalog/demo/apple_cinema_30-200x200.jpg,200,OK,5,232,8735,Low,
Not Text,Sun Jul 06 22:18:45 IST 2025,GET,http://10.0.2.15/image/cache/catalog/demo/canon_eos_5d_1-200x200.jpg,200,OK,31,233,10263,Low,
Not Text,Sun Jul 06 22:18:45 IST 2025,GET,http://10.0.2.15/image/cache/catalog/demo/manufacturer/harley-130x100.png,200,OK,21,232,13270,Low,
Not Text,Sun Jul 06 22:18:45 IST 2025,GET,http://10.0.2.15/image/cache/catalog/demo/manufacturer/dell-130x100.png,200,OK,33,231,4694,Low,
Not Text,Sun Jul 06 22:18:45 IST 2025,GET,http://10.0.2.15/image/cache/catalog/demo/manufacturer/disney-130x100.png,200,OK,7,230,4001,Low,
Not Text,Sun Jul 06 22:18:45 IST 2025,GET,http://10.0.2.15/image/cache/catalog/demo/manufacturer/cocacola-130x100.png,200,OK,40,232,10671,Low,
Not Text,Sun Jul 06 22:18:45 IST 2025,GET,http://10.0.2.15/image/cache/catalog/demo/manufacturer/burgerking-130x100.png,200,OK,19,232,15755,Low,
Not Text,Sun Jul 06 22:18:46 IST 2025,GET,http://10.0.2.15/image/cache/catalog/demo/manufacturer/canon-130x100.png,200,OK,7,230,3841,Low,
Not Text,Sun Jul 06 22:18:46 IST 2025,GET,http://10.0.2.15/image/cache/catalog/demo/manufacturer/nfl-130x100.png,200,OK,5,231,9473,Low,
Not Text,Sun Jul 06 22:18:46 IST 2025,GET,http://10.0.2.15/image/cache/catalog/demo/manufacturer/redbull-130x100.png,200,OK,7,231,6120,Low,
Not Text,Sun Jul 06 22:18:46 IST 2025,GET,http://10.0.2.15/image/cache/catalog/demo/manufacturer/sony-130x100.png,200,OK,15,230,2791,Low,
Not Text,Sun Jul 06 22:18:46 IST 2025,GET,http://10.0.2.15/image/cache/catalog/demo/manufacturer/starbucks-130x100.png,200,OK,19,232,16116,Low,
Not Text,Sun Jul 06 22:18:46 IST 2025,GET,http://10.0.2.15/image/cache/catalog/demo/manufacturer/nintendo-130x100.png,200,OK,17,231,4439,Low,
Successfully,Sun Jul 06 22:18:46 IST 2025,POST,http://10.0.2.15/index.php?language=en-gb&route=common/currency.save,302,Found,25,436,0,Low,SetCookie
Successfully,Sun Jul 06 22:18:47 IST 2025,GET,http://10.0.2.15/index.php?language=en-gb&route=account/address,302,Found,101,351,0,Low,SetCookie
Successfully,Sun Jul 06 22:18:47 IST 2025,GET,http://10.0.2.15/index.php?language=en-gb&route=account/download,302,Found,106,351,0,Low,SetCookie
Successfully,Sun Jul 06 22:18:47 IST 2025,GET,http://10.0.2.15/index.php?language=en-gb&route=account/subscription,302,Found,111,351,0,Low,SetCookie
Successfully,Sun Jul 06 22:18:47 IST 2025,GET,http://10.0.2.15/index.php?language=en-gb&route=account/reward,302,Found,48,351,0,Low,SetCookie
Successfully,Sun Jul 06 22:18:47 IST 2025,GET,http://10.0.2.15/index.php?language=en-gb&route=account/returns,302,Found,42,351,0,Low,SetCookie
Successfully,Sun Jul 06 22:18:47 IST 2025,GET,http://10.0.2.15/index.php?language=en-gb&route=account/transaction,302,Found,67,351,0,Low,SetCookie
Successfully,Sun Jul 06 22:18:47 IST 2025,POST,http://10.0.2.15/index.php?language=en-gb&route=common/currency.save,302,Found,67,459,0,Low,SetCookie
Successfully,Sun Jul 06 22:18:47 IST 2025,POST,http://10.0.2.15/index.php?language=en-gb&route=common/currency.save,302,Found,110,560,0,Low,SetCookie
Successfully,Sun Jul 06 22:18:47 IST 2025,POST,http://10.0.2.15/index.php?language=en-gb&route=common/currency.save,302,Found,40,453,0,Low,SetCookie
Successfully,Sun Jul 06 22:18:47 IST 2025,POST,http://10.0.2.15/index.php?language=en-gb&route=common/currency.save,302,Found,34,557,0,Low,SetCookie
Successfully,Sun Jul 06 22:18:49 IST 2025,POST,http://10.0.2.15/index.php?language=en-gb&route=common/currency.save,302,Found,128,451,0,Low,SetCookie
Not Text,Sun Jul 06 22:18:52 IST 2025,GET,http://10.0.2.15/image/cache/catalog/demo/compaq_presario-200x180.jpg,200,OK,30,232,6361,Low,
Not Text,Sun Jul 06 22:18:52 IST 2025,GET,http://10.0.2.15/image/cache/catalog/demo/compaq_presario-80x80.jpg,200,OK,3,231,2483,Low,
Not Text,Sun Jul 06 22:18:52 IST 2025,GET,http://10.0.2.15/image/cache/catalog/demo/apple_cinema_30-250x250.jpg,200,OK,11,233,12524,Low,
Not Text,Sun Jul 06 22:18:52 IST 2025,GET,http://10.0.2.15/image/cache/catalog/demo/canon_eos_5d_1-250x250.jpg,200,OK,3,233,14600,Low,Comment
Not Text,Sun Jul 06 22:18:52 IST 2025,GET,http://10.0.2.15/image/cache/catalog/demo/hp_1-250x250.jpg,200,OK,16,233,12043,Low,
Not Text,Sun Jul 06 22:18:52 IST 2025,GET,http://10.0.2.15/image/cache/catalog/demo/htc_touch_hd_1-250x250.jpg,200,OK,14,233,12111,Low,
Not Text,Sun Jul 06 22:18:52 IST 2025,GET,http://10.0.2.15/image/cache/catalog/demo/iphone_1-250x250.jpg,200,OK,16,233,13764,Low,
Not Text,Sun Jul 06 22:18:52 IST 2025,GET,http://10.0.2.15/image/cache/catalog/demo/ipod_classic_1-250x250.jpg,200,OK,6,233,11452,Low,
Not Text,Sun Jul 06 22:18:52 IST 2025,GET,http://10.0.2.15/image/cache/catalog/demo/macbook_1-250x250.jpg,200,OK,17,232,9274,Low,
Not Text,Sun Jul 06 22:18:52 IST 2025,GET,http://10.0.2.15/image/cache/catalog/demo/macbook_air_1-250x250.jpg,200,OK,5,233,10686,Low,
Not Text,Sun Jul 06 22:18:52 IST 2025,GET,http://10.0.2.15/image/cache/catalog/demo/palm_treo_pro_1-250x250.jpg,200,OK,6,233,15439,Low,
Not Text,Sun Jul 06 22:18:52 IST 2025,GET,http://10.0.2.15/image/cache/placeholder-250x250.png,200,OK,11,231,8148,Low,
Successfully,Sun Jul 06 22:18:52 IST 2025,POST,http://10.0.2.15/index.php?language=en-gb&route=common/currency.save,302,Found,72,467,0,Low,SetCookie
Successfully,Sun Jul 06 22:18:52 IST 2025,POST,http://10.0.2.15/index.php?language=en-gb&route=common/currency.save,302,Found,81,464,0,Low,SetCookie
Not Text,Sun Jul 06 22:18:54 IST 2025,GET,http://10.0.2.15/image/cache/catalog/demo/imac_1-250x250.jpg,200,OK,52,232,8216,Low,
Successfully,Sun Jul 06 22:18:54 IST 2025,POST,http://10.0.2.15/index.php?language=en-gb&route=common/currency.save,302,Found,70,467,0,Low,SetCookie
Not Text,Sun Jul 06 22:18:57 IST 2025,GET,http://10.0.2.15/image/cache/catalog/demo/hp_2-80x80.jpg,200,OK,25,231,2416,Low,
Not Text,Sun Jul 06 22:18:57 IST 2025,GET,http://10.0.2.15/image/cache/catalog/demo/macbook_pro_1-250x250.jpg,200,OK,14,233,12710,Low,Comment
Not Text,Sun Jul 06 22:18:57 IST 2025,GET,http://10.0.2.15/image/cache/catalog/demo/sony_vaio_1-250x250.jpg,200,OK,28,233,11841,Low,
Successfully,Sun Jul 06 22:18:57 IST 2025,POST,http://10.0.2.15/index.php?language=en-gb&route=common/currency.save,302,Found,29,467,0,Low,SetCookie
Successfully,Sun Jul 06 22:18:57 IST 2025,POST,http://10.0.2.15/index.php?language=en-gb&route=common/currency.save,302,Found,30,568,0,Low,SetCookie
Successfully,Sun Jul 06 22:18:57 IST 2025,POST,http://10.0.2.15/index.php?language=en-gb&route=common/currency.save,302,Found,41,467,0,Low,SetCookie
Successfully,Sun Jul 06 22:18:57 IST 2025,POST,http://10.0.2.15/index.php?language=en-gb&route=common/currency.save,302,Found,72,568,0,Low,SetCookie
Successfully,Sun Jul 06 22:18:57 IST 2025,POST,http://10.0.2.15/index.php?language=en-gb&route=common/currency.save,302,Found,80,571,0,Low,SetCookie
Successfully,Sun Jul 06 22:18:58 IST 2025,POST,http://10.0.2.15/index.php?language=en-gb&route=common/currency.save,302,Found,45,467,0,Low,SetCookie
Not Text,Sun Jul 06 22:18:58 IST 2025,GET,http://10.0.2.15/image/cache/catalog/demo/samsung_syncmaster_941bw-250x250.jpg,200,OK,24,233,13635,Low,
Successfully,Sun Jul 06 22:18:58 IST 2025,POST,http://10.0.2.15/index.php?language=en-gb&route=common/currency.save,302,Found,38,571,0,Low,SetCookie
Successfully,Sun Jul 06 22:18:58 IST 2025,POST,http://10.0.2.15/index.php?language=en-gb&route=common/currency.save,302,Found,105,571,0,Low,SetCookie
Successfully,Sun Jul 06 22:18:59 IST 2025,POST,http://10.0.2.15/index.php?language=en-gb&route=common/currency.save,302,Found,77,571,0,Low,SetCookie
Not Text,Sun Jul 06 22:18:59 IST 2025,GET,http://10.0.2.15/image/cache/catalog/demo/samsung_tab_1-250x250.jpg,200,OK,70,233,12523,Low,
Successfully,Sun Jul 06 22:18:59 IST 2025,POST,http://10.0.2.15/index.php?language=en-gb&route=common/currency.save,302,Found,21,464,0,Low,SetCookie
Successfully,Sun Jul 06 22:18:59 IST 2025,POST,http://10.0.2.15/index.php?language=en-gb&route=common/currency.save,302,Found,51,568,0,Low,SetCookie
Not Text,Sun Jul 06 22:19:00 IST 2025,GET,http://10.0.2.15/image/cache/catalog/demo/nikon_d300_1-250x250.jpg,200,OK,79,233,19337,Low,
Successfully,Sun Jul 06 22:19:01 IST 2025,POST,http://10.0.2.15/index.php?language=en-gb&route=common/currency.save,302,Found,70,464,0,Low,SetCookie
Successfully,Sun Jul 06 22:19:01 IST 2025,POST,http://10.0.2.15/index.php?language=en-gb&route=common/currency.save,302,Found,70,568,0,Low,SetCookie
Not Text,Sun Jul 06 22:19:01 IST 2025,GET,http://10.0.2.15/image/cache/catalog/demo/ipod_touch_4-80x80.jpg,200,OK,31,231,1706,Low,
Not Text,Sun Jul 06 22:19:04 IST 2025,GET,http://10.0.2.15/image/cache/catalog/demo/ipod_nano_1-250x250.jpg,200,OK,23,233,11183,Low,
Not Text,Sun Jul 06 22:19:04 IST 2025,GET,http://10.0.2.15/image/cache/catalog/demo/ipod_shuffle_1-250x250.jpg,200,OK,27,232,7479,Low,
Not Text,Sun Jul 06 22:19:04 IST 2025,GET,http://10.0.2.15/image/cache/catalog/demo/ipod_touch_1-250x250.jpg,200,OK,35,233,13337,Low,
Successfully,Sun Jul 06 22:19:04 IST 2025,POST,http://10.0.2.15/index.php?language=en-gb&route=common/currency.save,302,Found,71,467,0,Low,SetCookie
Successfully,Sun Jul 06 22:19:04 IST 2025,POST,http://10.0.2.15/index.php?language=en-gb&route=common/currency.save,302,Found,83,568,0,Low,SetCookie
Successfully,Sun Jul 06 22:19:06 IST 2025,POST,http://10.0.2.15/index.php?language=en-gb&route=common/currency.save,302,Found,104,467,0,Low,SetCookie
Successfully,Sun Jul 06 22:19:06 IST 2025,POST,http://10.0.2.15/index.php?language=en-gb&route=common/currency.save,302,Found,30,571,0,Low,SetCookie
Successfully,Sun Jul 06 22:19:06 IST 2025,POST,http://10.0.2.15/index.php?language=en-gb&route=common/currency.save,302,Found,133,571,0,Low,SetCookie
Successfully,Sun Jul 06 22:19:06 IST 2025,POST,http://10.0.2.15/index.php?language=en-gb&route=common/currency.save,302,Found,31,571,0,Low,SetCookie
Successfully,Sun Jul 06 22:19:06 IST 2025,POST,http://10.0.2.15/index.php?language=en-gb&route=common/currency.save,302,Found,21,571,0,Low,SetCookie
Successfully,Sun Jul 06 22:19:06 IST 2025,POST,http://10.0.2.15/index.php?language=en-gb&route=common/currency.save,302,Found,33,571,0,Low,SetCookie
Successfully,Sun Jul 06 22:19:06 IST 2025,POST,http://10.0.2.15/index.php?language=en-gb&route=common/currency.save,302,Found,80,571,0,Low,SetCookie
Successfully,Sun Jul 06 22:19:06 IST 2025,POST,http://10.0.2.15/index.php?language=en-gb&route=common/currency.save,302,Found,57,571,0,Low,SetCookie
Successfully,Sun Jul 06 22:19:06 IST 2025,POST,http://10.0.2.15/index.php?language=en-gb&route=common/currency.save,302,Found,45,571,0,Low,SetCookie
Successfully,Sun Jul 06 22:19:06 IST 2025,POST,http://10.0.2.15/index.php?language=en-gb&route=common/currency.save,302,Found,45,571,0,Low,SetCookie
Successfully,Sun Jul 06 22:19:06 IST 2025,POST,http://10.0.2.15/index.php?language=en-gb&route=common/currency.save,302,Found,72,571,0,Low,SetCookie
Successfully,Sun Jul 06 22:19:06 IST 2025,POST,http://10.0.2.15/index.php?language=en-gb&route=common/currency.save,302,Found,86,571,0,Low,SetCookie
Successfully,Sun Jul 06 22:19:07 IST 2025,POST,http://10.0.2.15/index.php?language=en-gb&route=common/currency.save,302,Found,124,571,0,Low,SetCookie
Successfully,Sun Jul 06 22:19:07 IST 2025,POST,http://10.0.2.15/index.php?language=en-gb&route=common/currency.save,302,Found,62,571,0,Low,SetCookie
Successfully,Sun Jul 06 22:19:07 IST 2025,POST,http://10.0.2.15/index.php?language=en-gb&route=common/currency.save,302,Found,36,571,0,Low,SetCookie
Successfully,Sun Jul 06 22:19:07 IST 2025,POST,http://10.0.2.15/index.php?language=en-gb&route=common/currency.save,302,Found,39,571,0,Low,SetCookie
Not Text,Sun Jul 06 22:19:07 IST 2025,GET,http://10.0.2.15/image/cache/catalog/demo/macbook_1-800x800.jpg,200,OK,43,233,52346,Low,
Successfully,Sun Jul 06 22:19:07 IST 2025,POST,http://10.0.2.15/index.php?language=en-gb&route=common/currency.save,302,Found,61,571,0,Low,SetCookie
Not Text,Sun Jul 06 22:19:07 IST 2025,GET,http://10.0.2.15/image/cache/catalog/demo/macbook_3-800x800.jpg,200,OK,41,233,45055,Low,
Not Text,Sun Jul 06 22:19:07 IST 2025,GET,http://10.0.2.15/image/cache/catalog/demo/macbook_2-800x800.jpg,200,OK,8,233,57936,Low,Comment
Not Text,Sun Jul 06 22:19:07 IST 2025,GET,http://10.0.2.15/image/cache/catalog/demo/macbook_4-800x800.jpg,200,OK,28,233,28053,Low,
Not Text,Sun Jul 06 22:19:07 IST 2025,GET,http://10.0.2.15/image/cache/catalog/demo/macbook_5-800x800.jpg,200,OK,3,234,86997,Low,
Successfully,Sun Jul 06 22:19:07 IST 2025,GET,http://10.0.2.15/catalog/view/javascript/jquery/magnific/magnific-popup.css,200,OK,62,253,6951,Low,Comment
Successfully,Sun Jul 06 22:19:07 IST 2025,GET,http://10.0.2.15/catalog/view/javascript/jquery/magnific/jquery.magnific-popup.min.js,200,OK,70,261,20216,Low,Comment
Not Text,Sun Jul 06 22:19:07 IST 2025,GET,http://10.0.2.15/image/cache/catalog/demo/macbook_1-500x500.jpg,200,OK,5,233,25305,Low,
Not Text,Sun Jul 06 22:19:07 IST 2025,GET,http://10.0.2.15/image/cache/catalog/demo/macbook_3-74x74.jpg,200,OK,25,231,1513,Low,
Not Text,Sun Jul 06 22:19:07 IST 2025,GET,http://10.0.2.15/image/cache/catalog/demo/macbook_2-74x74.jpg,200,OK,8,231,2125,Low,
Not Text,Sun Jul 06 22:19:07 IST 2025,GET,http://10.0.2.15/image/cache/catalog/demo/macbook_4-74x74.jpg,200,OK,22,231,1201,Low,
Not Text,Sun Jul 06 22:19:07 IST 2025,GET,http://10.0.2.15/image/cache/catalog/demo/macbook_5-74x74.jpg,200,OK,34,231,2430,Low,
Not Text,Sun Jul 06 22:19:07 IST 2025,GET,http://10.0.2.15/image/cache/catalog/demo/samsung_tab_1-800x800.jpg,200,OK,101,234,70830,Low,
Not Text,Sun Jul 06 22:19:07 IST 2025,GET,http://10.0.2.15/image/cache/catalog/demo/samsung_tab_2-800x800.jpg,200,OK,5,233,39125,Low,
Not Text,Sun Jul 06 22:19:07 IST 2025,GET,http://10.0.2.15/image/cache/catalog/demo/samsung_tab_3-800x800.jpg,200,OK,29,234,70533,Low,Comment
Not Text,Sun Jul 06 22:19:07 IST 2025,GET,http://10.0.2.15/image/cache/catalog/demo/samsung_tab_4-800x800.jpg,200,OK,62,233,25891,Low,
Not Text,Sun Jul 06 22:19:07 IST 2025,GET,http://10.0.2.15/image/cache/catalog/demo/samsung_tab_6-800x800.jpg,200,OK,47,233,41645,Low,
Not Text,Sun Jul 06 22:19:07 IST 2025,GET,http://10.0.2.15/image/cache/catalog/demo/samsung_tab_5-800x800.jpg,200,OK,20,234,65919,Low,
Not Text,Sun Jul 06 22:19:07 IST 2025,GET,http://10.0.2.15/image/cache/catalog/demo/samsung_tab_7-800x800.jpg,200,OK,31,234,69121,Low,Comment
Not Text,Sun Jul 06 22:19:08 IST 2025,GET,http://10.0.2.15/image/cache/catalog/demo/samsung_tab_1-500x500.jpg,200,OK,30,233,34912,Low,
Not Text,Sun Jul 06 22:19:08 IST 2025,GET,http://10.0.2.15/image/cache/catalog/demo/samsung_tab_2-74x74.jpg,200,OK,30,231,1684,Low,
Not Text,Sun Jul 06 22:19:08 IST 2025,GET,http://10.0.2.15/image/cache/catalog/demo/samsung_tab_3-74x74.jpg,200,OK,40,231,2332,Low,
Not Text,Sun Jul 06 22:19:08 IST 2025,GET,http://10.0.2.15/image/cache/catalog/demo/samsung_tab_4-74x74.jpg,200,OK,12,231,1156,Low,
Not Text,Sun Jul 06 22:19:08 IST 2025,GET,http://10.0.2.15/image/cache/catalog/demo/samsung_tab_5-74x74.jpg,200,OK,4,231,2534,Low,
Not Text,Sun Jul 06 22:19:08 IST 2025,GET,http://10.0.2.15/image/cache/catalog/demo/samsung_tab_6-74x74.jpg,200,OK,25,231,1769,Low,
Not Text,Sun Jul 06 22:19:08 IST 2025,GET,http://10.0.2.15/image/cache/catalog/demo/samsung_tab_7-74x74.jpg,200,OK,29,231,2605,Low,
Successfully,Sun Jul 06 22:19:08 IST 2025,POST,http://10.0.2.15/index.php?language=en-gb&route=common/currency.save,302,Found,43,469,0,Low,SetCookie
Successfully,Sun Jul 06 22:19:08 IST 2025,POST,http://10.0.2.15/index.php?language=en-gb&route=common/currency.save,302,Found,36,462,0,Low,SetCookie
Not Text,Sun Jul 06 22:19:09 IST 2025,GET,http://10.0.2.15/image/cache/catalog/demo/iphone_1-800x800.jpg,200,OK,49,234,78069,Low,Comment
Not Text,Sun Jul 06 22:19:09 IST 2025,GET,http://10.0.2.15/image/cache/catalog/demo/iphone_4-800x800.jpg,200,OK,6,234,82295,Low,
Not Text,Sun Jul 06 22:19:09 IST 2025,GET,http://10.0.2.15/image/cache/catalog/demo/iphone_3-800x800.jpg,200,OK,21,235,113075,Low,Comment
Not Text,Sun Jul 06 22:19:09 IST 2025,GET,http://10.0.2.15/image/cache/catalog/demo/iphone_5-800x800.jpg,200,OK,16,234,97018,Low,
Not Text,Sun Jul 06 22:19:09 IST 2025,GET,http://10.0.2.15/image/cache/catalog/demo/iphone_2-800x800.jpg,200,OK,7,234,92643,Low,Comment
Not Text,Sun Jul 06 22:19:09 IST 2025,GET,http://10.0.2.15/image/cache/catalog/demo/iphone_6-800x800.jpg,200,OK,1,234,72206,Low,
Not Text,Sun Jul 06 22:19:09 IST 2025,GET,http://10.0.2.15/image/cache/catalog/demo/iphone_1-500x500.jpg,200,OK,52,233,37573,Low,
Not Text,Sun Jul 06 22:19:09 IST 2025,GET,http://10.0.2.15/image/cache/catalog/demo/iphone_4-74x74.jpg,200,OK,12,231,2549,Low,
Not Text,Sun Jul 06 22:19:09 IST 2025,GET,http://10.0.2.15/image/cache/catalog/demo/iphone_3-74x74.jpg,200,OK,5,231,3181,Low,
Not Text,Sun Jul 06 22:19:09 IST 2025,GET,http://10.0.2.15/image/cache/catalog/demo/iphone_5-74x74.jpg,200,OK,6,231,2661,Low,
Not Text,Sun Jul 06 22:19:09 IST 2025,GET,http://10.0.2.15/image/cache/catalog/demo/iphone_2-74x74.jpg,200,OK,16,231,3041,Low,
Not Text,Sun Jul 06 22:19:09 IST 2025,GET,http://10.0.2.15/image/cache/catalog/demo/iphone_6-74x74.jpg,200,OK,8,231,2032,Low,
Not Text,Sun Jul 06 22:19:09 IST 2025,GET,http://10.0.2.15/image/cache/catalog/demo/apple_cinema_30-800x800.jpg,200,OK,20,234,74208,Low,
Not Text,Sun Jul 06 22:19:09 IST 2025,GET,http://10.0.2.15/image/cache/catalog/demo/canon_eos_5d_2-800x800.jpg,200,OK,5,235,118977,Low,Comment
Not Text,Sun Jul 06 22:19:09 IST 2025,GET,http://10.0.2.15/image/cache/catalog/demo/canon_eos_5d_1-800x800.jpg,200,OK,3,235,103521,Low,Comment
Not Text,Sun Jul 06 22:19:09 IST 2025,GET,http://10.0.2.15/image/cache/catalog/demo/compaq_presario-800x800.jpg,200,OK,8,233,51163,Low,
Not Text,Sun Jul 06 22:19:09 IST 2025,GET,http://10.0.2.15/image/cache/catalog/demo/hp_1-800x800.jpg,200,OK,31,234,65983,Low,Comment
Not Text,Sun Jul 06 22:19:09 IST 2025,GET,http://10.0.2.15/image/cache/catalog/demo/canon_logo-800x800.jpg,200,OK,19,233,48426,Low,
Not Text,Sun Jul 06 22:19:09 IST 2025,GET,http://10.0.2.15/image/cache/catalog/demo/apple_cinema_30-500x500.jpg,200,OK,10,233,33950,Low,
Not Text,Sun Jul 06 22:19:09 IST 2025,GET,http://10.0.2.15/image/cache/catalog/demo/canon_eos_5d_2-74x74.jpg,200,OK,19,231,3083,Low,
Not Text,Sun Jul 06 22:19:09 IST 2025,GET,http://10.0.2.15/image/cache/catalog/demo/canon_eos_5d_1-74x74.jpg,200,OK,11,231,2525,Low,
Not Text,Sun Jul 06 22:19:09 IST 2025,GET,http://10.0.2.15/image/cache/catalog/demo/compaq_presario-74x74.jpg,200,OK,0,231,2218,Low,
Not Text,Sun Jul 06 22:19:09 IST 2025,GET,http://10.0.2.15/image/cache/catalog/demo/hp_1-74x74.jpg,200,OK,6,231,2380,Low,
Not Text,Sun Jul 06 22:19:09 IST 2025,GET,http://10.0.2.15/image/cache/catalog/demo/canon_logo-74x74.jpg,200,OK,17,231,2320,Low,
Successfully,Sun Jul 06 22:19:09 IST 2025,POST,http://10.0.2.15/index.php?language=en-gb&route=common/currency.save,302,Found,59,469,0,Low,SetCookie
Successfully,Sun Jul 06 22:19:10 IST 2025,POST,http://10.0.2.15/index.php?language=en-gb&route=common/currency.save,302,Found,36,469,0,Low,SetCookie
Not Text,Sun Jul 06 22:19:10 IST 2025,GET,http://10.0.2.15/image/cache/catalog/demo/canon_eos_5d_3-800x800.jpg,200,OK,25,234,89189,Low,Comment
Successfully,Sun Jul 06 22:19:11 IST 2025,POST,http://10.0.2.15/index.php?language=en-gb&route=common/currency.save,302,Found,34,480,0,Low,SetCookie
Not Text,Sun Jul 06 22:19:11 IST 2025,GET,http://10.0.2.15/image/cache/catalog/demo/canon_eos_5d_1-500x500.jpg,200,OK,9,233,46918,Low,
Not Text,Sun Jul 06 22:19:11 IST 2025,GET,http://10.0.2.15/image/cache/catalog/demo/canon_eos_5d_3-74x74.jpg,200,OK,57,231,2594,Low,
Successfully,Sun Jul 06 22:19:11 IST 2025,POST,http://10.0.2.15/index.php?language=en-gb&route=common/currency.save,302,Found,49,573,0,Low,SetCookie
Successfully,Sun Jul 06 22:19:11 IST 2025,POST,http://10.0.2.15/index.php?language=en-gb&route=common/currency.save,302,Found,52,480,0,Low,SetCookie
Successfully,Sun Jul 06 22:19:11 IST 2025,POST,http://10.0.2.15/index.php?language=en-gb&route=common/currency.save,302,Found,74,480,0,Low,SetCookie
Successfully,Sun Jul 06 22:19:11 IST 2025,POST,http://10.0.2.15/index.php?language=en-gb&route=common/currency.save,302,Found,72,584,0,Low,SetCookie
Successfully,Sun Jul 06 22:19:11 IST 2025,POST,http://10.0.2.15/index.php?language=en-gb&route=common/currency.save,302,Found,29,563,0,Low,SetCookie
Successfully,Sun Jul 06 22:19:11 IST 2025,GET,http://10.0.2.15/index.php?language=en-gb&route=account/edit,302,Found,40,455,0,Low,SetCookie
Successfully,Sun Jul 06 22:19:11 IST 2025,GET,http://10.0.2.15/index.php?language=en-gb&route=account/password,302,Found,67,351,0,Low,SetCookie
Successfully,Sun Jul 06 22:19:12 IST 2025,POST,http://10.0.2.15/index.php?language=en-gb&route=common/currency.save,302,Found,45,460,0,Low,SetCookie
Successfully,Sun Jul 06 22:19:12 IST 2025,POST,http://10.0.2.15/index.php?language=en-gb&route=common/currency.save,302,Found,43,563,0,Low,SetCookie
Successfully,Sun Jul 06 22:19:12 IST 2025,POST,http://10.0.2.15/index.php?language=en-gb&route=common/currency.save,302,Found,64,560,0,Low,SetCookie
Successfully,Sun Jul 06 22:19:13 IST 2025,POST,http://10.0.2.15/index.php?language=en-gb&route=common/currency.save,302,Found,41,455,0,Low,SetCookie
Successfully,Sun Jul 06 22:19:13 IST 2025,POST,http://10.0.2.15/index.php?language=en-gb&route=common/currency.save,302,Found,69,561,0,Low,SetCookie
Successfully,Sun Jul 06 22:19:13 IST 2025,POST,http://10.0.2.15/index.php?language=en-gb&route=common/currency.save,302,Found,42,468,0,Low,SetCookie
Successfully,Sun Jul 06 22:19:13 IST 2025,POST,http://10.0.2.15/index.php?language=en-gb&route=common/currency.save,302,Found,39,559,0,Low,SetCookie
Successfully,Sun Jul 06 22:19:13 IST 2025,POST,http://10.0.2.15/index.php?language=en-gb&route=common/currency.save,302,Found,58,581,0,Low,SetCookie
Successfully,Sun Jul 06 22:18:35 IST 2025,GET,http://10.0.2.15/index.php?language=en-gb&path=34_44&route=product/category,200,OK,144,697,25209,,
Successfully,Sun Jul 06 22:18:45 IST 2025,GET,http://10.0.2.15/catalog/view/stylesheet/bootstrap.css,200,OK,19,256,270488,,
Successfully,Sun Jul 06 22:19:13 IST 2025,POST,http://10.0.2.15/index.php?language=en-gb&route=common/currency.save,302,Found,83,581,0,,
Not Text,Sun Jul 06 22:19:13 IST 2025,GET,http://10.0.2.15/image/cache/catalog/demo/hp_2-800x800.jpg,200,OK,1,233,61951,,
Not Text,Sun Jul 06 22:19:13 IST 2025,GET,http://10.0.2.15/image/cache/catalog/demo/hp_3-800x800.jpg,200,OK,58,233,63538,,
Successfully,Sun Jul 06 22:19:13 IST 2025,GET,http://10.0.2.15/index.php?language=en-gb&product_id=47&route=product/product,200,OK,149,801,32294,,
Not Text,Sun Jul 06 22:19:13 IST 2025,GET,http://10.0.2.15/image/cache/catalog/demo/hp_1-500x500.jpg,200,OK,29,233,33438,,
Not Text,Sun Jul 06 22:19:13 IST 2025,GET,http://10.0.2.15/image/cache/catalog/demo/hp_2-74x74.jpg,200,OK,39,231,2321,,
Not Text,Sun Jul 06 22:19:13 IST 2025,GET,http://10.0.2.15/image/cache/catalog/demo/hp_3-74x74.jpg,200,OK,2,231,2312,,
Successfully,Sun Jul 06 22:19:13 IST 2025,POST,http://10.0.2.15/index.php?language=en-gb&route=common/currency.save,302,Found,25,477,0,,
Successfully,Sun Jul 06 22:19:13 IST 2025,POST,http://10.0.2.15/,200,OK,323,801,31318,,
Successfully,Sun Jul 06 22:19:13 IST 2025,GET,http://10.0.2.15/?option%5B225%5D=2011-04-22&product_id=47&quantity=3,200,OK,338,801,31378,,
Not Text,Sun Jul 06 22:19:14 IST 2025,GET,http://10.0.2.15/image/cache/catalog/demo/htc_touch_hd_1-800x800.jpg,200,OK,10,234,70108,,
Not Text,Sun Jul 06 22:19:14 IST 2025,GET,http://10.0.2.15/image/cache/catalog/demo/htc_touch_hd_3-800x800.jpg,200,OK,9,234,86074,,
Not Text,Sun Jul 06 22:19:14 IST 2025,GET,http://10.0.2.15/image/cache/catalog/demo/htc_touch_hd_2-800x800.jpg,200,OK,64,233,29140,,
Successfully,Sun Jul 06 22:19:14 IST 2025,GET,http://10.0.2.15/index.php?language=en-gb&product_id=28&route=product/product,200,OK,158,697,32044,,
Not Text,Sun Jul 06 22:19:14 IST 2025,GET,http://10.0.2.15/image/cache/catalog/demo/htc_touch_hd_1-500x500.jpg,200,OK,4,233,34467,,
Not Text,Sun Jul 06 22:19:14 IST 2025,GET,http://10.0.2.15/image/cache/catalog/demo/htc_touch_hd_3-74x74.jpg,200,OK,8,231,3148,,
Not Text,Sun Jul 06 22:19:14 IST 2025,GET,http://10.0.2.15/image/cache/catalog/demo/htc_touch_hd_2-74x74.jpg,200,OK,24,231,1180,,
Successfully,Sun Jul 06 22:19:14 IST 2025,GET,http://10.0.2.15/SP,404,Not Found,27,161,271,,
Successfully,Sun Jul 06 22:19:14 IST 2025,POST,http://10.0.2.15/index.php?language=en-gb&route=common/currency.save,302,Found,27,477,0,,
Successfully,Sun Jul 06 22:19:14 IST 2025,POST,http://10.0.2.15/,200,OK,254,801,31318,,
Successfully,Sun Jul 06 22:19:14 IST 2025,GET,http://10.0.2.15/?product_id=28&quantity=3,200,OK,225,801,31351,,
Successfully,Sun Jul 06 22:19:15 IST 2025,POST,http://10.0.2.15/index.php?language=en-gb&route=common/currency.save,302,Found,49,477,0,,
Successfully,Sun Jul 06 22:19:15 IST 2025,POST,http://10.0.2.15/index.php?language=en-gb&route=common/currency.save,302,Found,51,581,0,,
Not Text,Sun Jul 06 22:19:15 IST 2025,GET,http://10.0.2.15/image/cache/catalog/demo/ipod_classic_1-800x800.jpg,200,OK,23,234,66926,,
Not Text,Sun Jul 06 22:19:15 IST 2025,GET,http://10.0.2.15/image/cache/catalog/demo/ipod_classic_2-800x800.jpg,200,OK,1,233,48050,,
Not Text,Sun Jul 06 22:19:15 IST 2025,GET,http://10.0.2.15/image/cache/catalog/demo/ipod_classic_4-800x800.jpg,200,OK,43,233,31154,,
Not Text,Sun Jul 06 22:19:15 IST 2025,GET,http://10.0.2.15/image/cache/catalog/demo/ipod_classic_3-800x800.jpg,200,OK,23,234,77510,,
Successfully,Sun Jul 06 22:19:15 IST 2025,GET,http://10.0.2.15/index.php?language=en-gb&product_id=48&route=product/product,200,OK,165,801,30946,,
Not Text,Sun Jul 06 22:19:15 IST 2025,GET,http://10.0.2.15/image/cache/catalog/demo/ipod_classic_1-500x500.jpg,200,OK,21,233,32773,,
Not Text,Sun Jul 06 22:19:15 IST 2025,GET,http://10.0.2.15/image/cache/catalog/demo/ipod_classic_2-74x74.jpg,200,OK,63,231,1980,,
Not Text,Sun Jul 06 22:19:15 IST 2025,GET,http://10.0.2.15/image/cache/catalog/demo/ipod_classic_3-74x74.jpg,200,OK,3,231,2790,,
Not Text,Sun Jul 06 22:19:15 IST 2025,GET,http://10.0.2.15/image/cache/catalog/demo/ipod_classic_4-74x74.jpg,200,OK,53,231,1425,,
Successfully,Sun Jul 06 22:19:15 IST 2025,POST,http://10.0.2.15/index.php?language=en-gb&route=common/currency.save,302,Found,20,477,0,,
Successfully,Sun Jul 06 22:19:15 IST 2025,POST,http://10.0.2.15/,200,OK,263,801,31318,,
Successfully,Sun Jul 06 22:19:15 IST 2025,GET,http://10.0.2.15/?product_id=48&quantity=3,200,OK,255,801,31351,,
Not Text,Sun Jul 06 22:19:15 IST 2025,GET,http://10.0.2.15/image/cache/catalog/demo/macbook_air_1-800x800.jpg,200,OK,2,233,60736,,
Not Text,Sun Jul 06 22:19:15 IST 2025,GET,http://10.0.2.15/image/cache/catalog/demo/macbook_air_3-800x800.jpg,200,OK,32,233,32895,,
Not Text,Sun Jul 06 22:19:15 IST 2025,GET,http://10.0.2.15/image/cache/catalog/demo/macbook_air_4-800x800.jpg,200,OK,5,233,32150,,
Successfully,Sun Jul 06 22:19:15 IST 2025,GET,http://10.0.2.15/index.php?language=en-gb&product_id=44&route=product/product,200,OK,146,697,30426,,
Not Text,Sun Jul 06 22:19:15 IST 2025,GET,http://10.0.2.15/image/cache/catalog/demo/macbook_air_2-800x800.jpg,200,OK,20,233,27492,,
Not Text,Sun Jul 06 22:19:16 IST 2025,GET,http://10.0.2.15/image/cache/catalog/demo/macbook_air_1-500x500.jpg,200,OK,9,233,28542,,
Not Text,Sun Jul 06 22:19:16 IST 2025,GET,http://10.0.2.15/image/cache/catalog/demo/macbook_air_3-74x74.jpg,200,OK,32,231,1536,,
Not Text,Sun Jul 06 22:19:16 IST 2025,GET,http://10.0.2.15/image/cache/catalog/demo/macbook_air_2-74x74.jpg,200,OK,4,231,1269,,
Not Text,Sun Jul 06 22:19:16 IST 2025,GET,http://10.0.2.15/image/cache/catalog/demo/macbook_air_4-74x74.jpg,200,OK,9,231,1474,,
Successfully,Sun Jul 06 22:19:16 IST 2025,POST,http://10.0.2.15/index.php?language=en-gb&route=common/currency.save,302,Found,39,477,0,,
Successfully,Sun Jul 06 22:19:16 IST 2025,POST,http://10.0.2.15/,200,OK,251,801,31318,,
Successfully,Sun Jul 06 22:19:16 IST 2025,GET,http://10.0.2.15/?product_id=44&quantity=3,200,OK,275,801,31351,,
Successfully,Sun Jul 06 22:19:16 IST 2025,GET,http://10.0.2.15/index.php?language=en-gb&product_id=35&route=product/product,200,OK,187,697,29681,,
Not Text,Sun Jul 06 22:19:16 IST 2025,GET,http://10.0.2.15/image/cache/catalog/demo/palm_treo_pro_1-800x800.jpg,200,OK,17,234,88253,,
Not Text,Sun Jul 06 22:19:16 IST 2025,GET,http://10.0.2.15/image/cache/catalog/demo/palm_treo_pro_2-800x800.jpg,200,OK,26,235,107230,,
Not Text,Sun Jul 06 22:19:16 IST 2025,GET,http://10.0.2.15/image/cache/catalog/demo/palm_treo_pro_3-800x800.jpg,200,OK,8,233,63010,,
Successfully,Sun Jul 06 22:19:16 IST 2025,POST,http://10.0.2.15/index.php?language=en-gb&route=common/currency.save,302,Found,49,477,0,,
Successfully,Sun Jul 06 22:19:17 IST 2025,POST,http://10.0.2.15/,200,OK,330,801,31318,,
Successfully,Sun Jul 06 22:19:17 IST 2025,GET,http://10.0.2.15/?option%5B224%5D=13&product_id=35&quantity=3,200,OK,344,801,31370,,
Successfully,Sun Jul 06 22:19:17 IST 2025,GET,http://10.0.2.15/index.php?language=en-gb&product_id=29&route=product/product,200,OK,153,697,31241,,
Not Text,Sun Jul 06 22:19:17 IST 2025,GET,http://10.0.2.15/image/cache/catalog/demo/palm_treo_pro_1-500x500.jpg,200,OK,60,233,42864,,
Not Text,Sun Jul 06 22:19:17 IST 2025,GET,http://10.0.2.15/image/cache/catalog/demo/palm_treo_pro_2-74x74.jpg,200,OK,31,231,3188,,
Not Text,Sun Jul 06 22:19:17 IST 2025,GET,http://10.0.2.15/image/cache/catalog/demo/palm_treo_pro_3-74x74.jpg,200,OK,15,231,2556,,
Successfully,Sun Jul 06 22:19:17 IST 2025,POST,http://10.0.2.15/index.php?language=en-gb&route=common/currency.save,302,Found,33,477,0,,
Successfully,Sun Jul 06 22:19:17 IST 2025,POST,http://10.0.2.15/,200,OK,336,801,31318,,
Successfully,Sun Jul 06 22:19:17 IST 2025,GET,http://10.0.2.15/?product_id=29&quantity=3,200,OK,353,801,31351,,
Successfully,Sun Jul 06 22:19:18 IST 2025,GET,http://10.0.2.15/index.php?language=en-gb&page=2&path=20&product_id=33&route=product/product,200,OK,164,697,29787,,
Successfully,Sun Jul 06 22:19:18 IST 2025,GET,http://10.0.2.15/index.php?language=en-gb&page=2&path=20&product_id=46&route=product/product,200,OK,189,697,30921,,
Successfully,Sun Jul 06 22:19:18 IST 2025,GET,http://10.0.2.15/index.php?language=en-gb&page=1&path=20&route=product/category,200,OK,257,697,45838,,
Successfully,Sun Jul 06 22:19:18 IST 2025,POST,http://10.0.2.15/index.php?language=en-gb&route=common/currency.save,302,Found,45,471,0,,
Not Text,Sun Jul 06 22:19:18 IST 2025,GET,http://10.0.2.15/image/cache/catalog/demo/imac_1-800x800.jpg,200,OK,91,233,49435,,
Not Text,Sun Jul 06 22:19:18 IST 2025,GET,http://10.0.2.15/image/cache/catalog/demo/imac_2-800x800.jpg,200,OK,16,233,35509,,
Not Text,Sun Jul 06 22:19:18 IST 2025,GET,http://10.0.2.15/image/cache/catalog/demo/imac_3-800x800.jpg,200,OK,3,233,25910,,
Not Text,Sun Jul 06 22:19:18 IST 2025,GET,http://10.0.2.15/image/cache/catalog/demo/imac_1-500x500.jpg,200,OK,15,233,24230,,
Not Text,Sun Jul 06 22:19:18 IST 2025,GET,http://10.0.2.15/image/cache/catalog/demo/imac_2-74x74.jpg,200,OK,1,231,1560,,
Not Text,Sun Jul 06 22:19:18 IST 2025,GET,http://10.0.2.15/image/cache/catalog/demo/imac_3-74x74.jpg,200,OK,5,231,1255,,
Successfully,Sun Jul 06 22:19:18 IST 2025,POST,http://10.0.2.15/index.php?language=en-gb&route=common/currency.save,302,Found,32,581,0,,
Successfully,Sun Jul 06 22:19:18 IST 2025,POST,http://10.0.2.15/index.php?language=en-gb&route=common/currency.save,302,Found,33,584,0,,
Successfully,Sun Jul 06 22:19:18 IST 2025,POST,http://10.0.2.15/,200,OK,387,801,31318,,
Successfully,Sun Jul 06 22:19:18 IST 2025,GET,http://10.0.2.15/?product_id=41&quantity=3,200,OK,274,801,31351,,
Successfully,Sun Jul 06 22:19:19 IST 2025,POST,http://10.0.2.15/index.php?language=en-gb&route=common/currency.save,302,Found,37,477,0,,
Successfully,Sun Jul 06 22:19:19 IST 2025,POST,http://10.0.2.15/index.php?language=en-gb&route=common/currency.save,302,Found,23,581,0,,
Not Text,Sun Jul 06 22:19:19 IST 2025,GET,http://10.0.2.15/image/cache/catalog/demo/macbook_pro_1-800x800.jpg,200,OK,34,234,73211,,
Not Text,Sun Jul 06 22:19:19 IST 2025,GET,http://10.0.2.15/image/cache/catalog/demo/macbook_pro_4-800x800.jpg,200,OK,35,233,42753,,
Not Text,Sun Jul 06 22:19:19 IST 2025,GET,http://10.0.2.15/image/cache/catalog/demo/macbook_pro_3-800x800.jpg,200,OK,26,234,82183,,
Not Text,Sun Jul 06 22:19:19 IST 2025,GET,http://10.0.2.15/image/cache/catalog/demo/macbook_pro_2-800x800.jpg,200,OK,13,233,31374,,
Successfully,Sun Jul 06 22:19:19 IST 2025,GET,http://10.0.2.15/index.php?language=en-gb&product_id=45&route=product/product,200,OK,132,801,31423,,
Not Text,Sun Jul 06 22:19:19 IST 2025,GET,http://10.0.2.15/image/cache/catalog/demo/macbook_pro_1-500x500.jpg,200,OK,23,233,35580,,
Not Text,Sun Jul 06 22:19:19 IST 2025,GET,http://10.0.2.15/image/cache/catalog/demo/macbook_pro_4-74x74.jpg,200,OK,41,231,1723,,
Not Text,Sun Jul 06 22:19:19 IST 2025,GET,http://10.0.2.15/image/cache/catalog/demo/macbook_pro_3-74x74.jpg,200,OK,2,231,2232,,
Not Text,Sun Jul 06 22:19:19 IST 2025,GET,http://10.0.2.15/image/cache/catalog/demo/macbook_pro_2-74x74.jpg,200,OK,7,231,1382,,
Not Text,Sun Jul 06 22:19:19 IST 2025,GET,http://10.0.2.15/image/cache/catalog/demo/sony_vaio_1-800x800.jpg,200,OK,31,233,61626,,
Not Text,Sun Jul 06 22:19:19 IST 2025,GET,http://10.0.2.15/image/cache/catalog/demo/sony_vaio_3-800x800.jpg,200,OK,28,234,69039,,
Not Text,Sun Jul 06 22:19:19 IST 2025,GET,http://10.0.2.15/image/cache/catalog/demo/sony_vaio_2-800x800.jpg,200,OK,2,235,122781,,
Not Text,Sun Jul 06 22:19:19 IST 2025,GET,http://10.0.2.15/image/cache/catalog/demo/sony_vaio_4-800x800.jpg,200,OK,7,234,67047,,
Not Text,Sun Jul 06 22:19:19 IST 2025,GET,http://10.0.2.15/image/cache/catalog/demo/sony_vaio_5-800x800.jpg,200,OK,46,233,49292,,
Successfully,Sun Jul 06 22:19:19 IST 2025,GET,http://10.0.2.15/index.php?language=en-gb&product_id=46&route=product/product,200,OK,204,697,30717,,
Successfully,Sun Jul 06 22:19:19 IST 2025,POST,http://10.0.2.15/index.php?language=en-gb&route=common/currency.save,302,Found,54,477,0,,
Not Text,Sun Jul 06 22:19:19 IST 2025,GET,http://10.0.2.15/image/cache/catalog/demo/sony_vaio_1-500x500.jpg,200,OK,16,233,32917,,
Not Text,Sun Jul 06 22:19:19 IST 2025,GET,http://10.0.2.15/image/cache/catalog/demo/sony_vaio_3-74x74.jpg,200,OK,7,231,2690,,
Not Text,Sun Jul 06 22:19:19 IST 2025,GET,http://10.0.2.15/image/cache/catalog/demo/sony_vaio_2-74x74.jpg,200,OK,23,232,4383,,
Not Text,Sun Jul 06 22:19:20 IST 2025,GET,http://10.0.2.15/image/cache/catalog/demo/sony_vaio_4-74x74.jpg,200,OK,27,231,2447,,
Not Text,Sun Jul 06 22:19:20 IST 2025,GET,http://10.0.2.15/image/cache/catalog/demo/sony_vaio_5-74x74.jpg,200,OK,9,231,2066,,
Successfully,Sun Jul 06 22:19:20 IST 2025,POST,http://10.0.2.15/,200,OK,251,801,31318,,
Successfully,Sun Jul 06 22:19:20 IST 2025,GET,http://10.0.2.15/?product_id=45&quantity=3,200,OK,250,801,31351,,
Successfully,Sun Jul 06 22:19:20 IST 2025,POST,http://10.0.2.15/index.php?language=en-gb&route=common/currency.save,302,Found,30,477,0,,
Successfully,Sun Jul 06 22:19:20 IST 2025,POST,http://10.0.2.15/,200,OK,276,801,31318,,
Successfully,Sun Jul 06 22:19:20 IST 2025,GET,http://10.0.2.15/?product_id=46&quantity=3,200,OK,264,801,31351,,
Successfully,Sun Jul 06 22:19:20 IST 2025,POST,http://10.0.2.15/index.php?language=en-gb&route=common/currency.save,302,Found,43,470,0,,
Successfully,Sun Jul 06 22:19:20 IST 2025,POST,http://10.0.2.15/index.php?language=en-gb&route=common/currency.save,302,Found,22,470,0,,
Not Text,Sun Jul 06 22:19:20 IST 2025,GET,http://10.0.2.15/image/cache/catalog/demo/samsung_syncmaster_941bw-800x800.jpg,200,OK,61,234,86831,,
Successfully,Sun Jul 06 22:19:20 IST 2025,GET,http://10.0.2.15/index.php?language=en-gb&product_id=33&route=product/product,200,OK,177,801,29583,,
Not Text,Sun Jul 06 22:19:21 IST 2025,GET,http://10.0.2.15/image/cache/catalog/demo/samsung_syncmaster_941bw-500x500.jpg,200,OK,3,233,40461,,
Successfully,Sun Jul 06 22:19:21 IST 2025,POST,http://10.0.2.15/index.php?language=en-gb&route=common/currency.save,302,Found,41,584,0,,
Successfully,Sun Jul 06 22:19:21 IST 2025,POST,http://10.0.2.15/index.php?language=en-gb&route=common/currency.save,302,Found,60,584,0,,
Successfully,Sun Jul 06 22:19:21 IST 2025,POST,http://10.0.2.15/,200,OK,174,801,31318,,
Successfully,Sun Jul 06 22:19:21 IST 2025,GET,http://10.0.2.15/?product_id=33&quantity=3,200,OK,270,801,31351,,
Successfully,Sun Jul 06 22:19:21 IST 2025,POST,http://10.0.2.15/index.php?language=en-gb&route=common/currency.save,302,Found,86,477,0,,
Successfully,Sun Jul 06 22:19:21 IST 2025,POST,http://10.0.2.15/index.php?language=en-gb&route=common/currency.save,302,Found,66,581,0,,
Successfully,Sun Jul 06 22:19:21 IST 2025,POST,http://10.0.2.15/index.php?language=en-gb&route=common/currency.save,302,Found,56,581,0,,
Successfully,Sun Jul 06 22:19:21 IST 2025,POST,http://10.0.2.15/index.php?language=en-gb&route=common/currency.save,302,Found,31,581,0,,
Successfully,Sun Jul 06 22:19:21 IST 2025,POST,http://10.0.2.15/index.php?language=en-gb&route=common/currency.save,302,Found,63,581,0,,
Not Text,Sun Jul 06 22:19:21 IST 2025,GET,http://10.0.2.15/image/cache/catalog/demo/nikon_d300_1-800x800.jpg,200,OK,6,235,129087,,
Not Text,Sun Jul 06 22:19:21 IST 2025,GET,http://10.0.2.15/image/cache/catalog/demo/nikon_d300_5-800x800.jpg,200,OK,10,234,84877,,
Not Text,Sun Jul 06 22:19:21 IST 2025,GET,http://10.0.2.15/image/cache/catalog/demo/nikon_d300_4-800x800.jpg,200,OK,35,235,102527,,
Not Text,Sun Jul 06 22:19:21 IST 2025,GET,http://10.0.2.15/image/cache/catalog/demo/nikon_d300_2-800x800.jpg,200,OK,12,235,108004,,
Not Text,Sun Jul 06 22:19:21 IST 2025,GET,http://10.0.2.15/image/cache/catalog/demo/nikon_d300_3-800x800.jpg,200,OK,8,234,93637,,
Successfully,Sun Jul 06 22:19:21 IST 2025,GET,http://10.0.2.15/index.php?language=en-gb&product_id=31&route=product/product,200,OK,184,801,32661,,
Not Text,Sun Jul 06 22:19:21 IST 2025,GET,http://10.0.2.15/image/cache/catalog/demo/nikon_d300_1-500x500.jpg,200,OK,28,233,58735,,
Not Text,Sun Jul 06 22:19:22 IST 2025,GET,http://10.0.2.15/image/cache/catalog/demo/nikon_d300_5-74x74.jpg,200,OK,30,231,2549,,
Not Text,Sun Jul 06 22:19:22 IST 2025,GET,http://10.0.2.15/image/cache/catalog/demo/nikon_d300_4-74x74.jpg,200,OK,23,231,2970,,
Not Text,Sun Jul 06 22:19:22 IST 2025,GET,http://10.0.2.15/image/cache/catalog/demo/nikon_d300_2-74x74.jpg,200,OK,37,231,2973,,
Not Text,Sun Jul 06 22:19:22 IST 2025,GET,http://10.0.2.15/image/cache/catalog/demo/nikon_d300_3-74x74.jpg,200,OK,2,231,2601,,
Successfully,Sun Jul 06 22:19:22 IST 2025,POST,http://10.0.2.15/index.php?language=en-gb&route=common/currency.save,302,Found,27,477,0,,
Successfully,Sun Jul 06 22:19:22 IST 2025,POST,http://10.0.2.15/,200,OK,311,801,31318,,
Successfully,Sun Jul 06 22:19:22 IST 2025,GET,http://10.0.2.15/?product_id=31&quantity=3,200,OK,373,801,31351,,
Successfully,Sun Jul 06 22:19:22 IST 2025,POST,http://10.0.2.15/index.php?language=en-gb&route=common/currency.save,302,Found,77,477,0,,
Not Text,Sun Jul 06 22:19:22 IST 2025,GET,http://10.0.2.15/image/cache/catalog/demo/ipod_nano_1-800x800.jpg,200,OK,36,233,60184,,
Not Text,Sun Jul 06 22:19:22 IST 2025,GET,http://10.0.2.15/image/cache/catalog/demo/ipod_nano_3-800x800.jpg,200,OK,45,233,43629,,
Not Text,Sun Jul 06 22:19:22 IST 2025,GET,http://10.0.2.15/image/cache/catalog/demo/ipod_nano_2-800x800.jpg,200,OK,13,233,38863,,
Not Text,Sun Jul 06 22:19:22 IST 2025,GET,http://10.0.2.15/image/cache/catalog/demo/ipod_nano_4-800x800.jpg,200,OK,3,233,65065,,
Not Text,Sun Jul 06 22:19:22 IST 2025,GET,http://10.0.2.15/image/cache/catalog/demo/ipod_nano_5-800x800.jpg,200,OK,8,234,79619,,
Successfully,Sun Jul 06 22:19:22 IST 2025,GET,http://10.0.2.15/index.php?language=en-gb&product_id=36&route=product/product,200,OK,168,801,31475,,
Not Text,Sun Jul 06 22:19:22 IST 2025,GET,http://10.0.2.15/image/cache/catalog/demo/ipod_nano_1-500x500.jpg,200,OK,21,233,30270,,
Not Text,Sun Jul 06 22:19:22 IST 2025,GET,http://10.0.2.15/image/cache/catalog/demo/ipod_nano_3-74x74.jpg,200,OK,39,231,1629,,
Not Text,Sun Jul 06 22:19:22 IST 2025,GET,http://10.0.2.15/image/cache/catalog/demo/ipod_nano_2-74x74.jpg,200,OK,14,231,1729,,
Not Text,Sun Jul 06 22:19:23 IST 2025,GET,http://10.0.2.15/image/cache/catalog/demo/ipod_nano_4-74x74.jpg,200,OK,17,231,2341,,
Not Text,Sun Jul 06 22:19:23 IST 2025,GET,http://10.0.2.15/image/cache/catalog/demo/ipod_nano_5-74x74.jpg,200,OK,2,231,2761,,
Not Text,Sun Jul 06 22:19:23 IST 2025,GET,http://10.0.2.15/image/cache/catalog/demo/ipod_shuffle_1-800x800.jpg,200,OK,1,233,39961,,
Not Text,Sun Jul 06 22:19:23 IST 2025,GET,http://10.0.2.15/image/cache/catalog/demo/ipod_shuffle_2-800x800.jpg,200,OK,21,233,48682,,
Not Text,Sun Jul 06 22:19:23 IST 2025,GET,http://10.0.2.15/image/cache/catalog/demo/ipod_shuffle_3-800x800.jpg,200,OK,5,233,45968,,
Not Text,Sun Jul 06 22:19:23 IST 2025,GET,http://10.0.2.15/image/cache/catalog/demo/ipod_shuffle_4-800x800.jpg,200,OK,14,233,56661,,
Not Text,Sun Jul 06 22:19:23 IST 2025,GET,http://10.0.2.15/image/cache/catalog/demo/ipod_shuffle_5-800x800.jpg,200,OK,13,233,45669,,
Successfully,Sun Jul 06 22:19:23 IST 2025,GET,http://10.0.2.15/index.php?language=en-gb&product_id=34&route=product/product,200,OK,167,697,31053,,
Successfully,Sun Jul 06 22:19:23 IST 2025,POST,http://10.0.2.15/index.php?language=en-gb&route=common/currency.save,302,Found,73,477,0,,
Successfully,Sun Jul 06 22:19:23 IST 2025,POST,http://10.0.2.15/,200,OK,236,801,31318,,
Successfully,Sun Jul 06 22:19:23 IST 2025,GET,http://10.0.2.15/?product_id=36&quantity=3,200,OK,187,801,31351,,
Not Text,Sun Jul 06 22:19:23 IST 2025,GET,http://10.0.2.15/image/cache/catalog/demo/ipod_shuffle_1-500x500.jpg,200,OK,14,233,19639,,
Not Text,Sun Jul 06 22:19:23 IST 2025,GET,http://10.0.2.15/image/cache/catalog/demo/ipod_shuffle_3-74x74.jpg,200,OK,8,231,1887,,
Not Text,Sun Jul 06 22:19:23 IST 2025,GET,http://10.0.2.15/image/cache/catalog/demo/ipod_shuffle_2-74x74.jpg,200,OK,17,231,2424,,
Not Text,Sun Jul 06 22:19:23 IST 2025,GET,http://10.0.2.15/image/cache/catalog/demo/ipod_shuffle_4-74x74.jpg,200,OK,11,231,2225,,
Not Text,Sun Jul 06 22:19:23 IST 2025,GET,http://10.0.2.15/image/cache/catalog/demo/ipod_shuffle_5-74x74.jpg,200,OK,15,231,1969,,
Successfully,Sun Jul 06 22:19:23 IST 2025,POST,http://10.0.2.15/index.php?language=en-gb&route=common/currency.save,302,Found,68,477,0,,
Successfully,Sun Jul 06 22:19:23 IST 2025,POST,http://10.0.2.15/,200,OK,289,697,31318,,
Successfully,Sun Jul 06 22:19:23 IST 2025,GET,http://10.0.2.15/?product_id=34&quantity=3,200,OK,263,801,31351,,
Not Text,Sun Jul 06 22:19:24 IST 2025,GET,http://10.0.2.15/image/cache/catalog/demo/ipod_touch_1-800x800.jpg,200,OK,4,234,78448,,
Not Text,Sun Jul 06 22:19:24 IST 2025,GET,http://10.0.2.15/image/cache/catalog/demo/ipod_touch_4-800x800.jpg,200,OK,10,233,38198,,
Not Text,Sun Jul 06 22:19:24 IST 2025,GET,http://10.0.2.15/image/cache/catalog/demo/ipod_touch_3-800x800.jpg,200,OK,4,233,40226,,
Not Text,Sun Jul 06 22:19:24 IST 2025,GET,http://10.0.2.15/image/cache/catalog/demo/ipod_touch_2-800x800.jpg,200,OK,22,233,59420,,
Not Text,Sun Jul 06 22:19:24 IST 2025,GET,http://10.0.2.15/image/cache/catalog/demo/ipod_touch_5-800x800.jpg,200,OK,2,233,62928,,
Not Text,Sun Jul 06 22:19:24 IST 2025,GET,http://10.0.2.15/image/cache/catalog/demo/ipod_touch_6-800x800.jpg,200,OK,9,234,70088,,
Not Text,Sun Jul 06 22:19:24 IST 2025,GET,http://10.0.2.15/image/cache/catalog/demo/ipod_touch_7-800x800.jpg,200,OK,1,234,67530,,
Successfully,Sun Jul 06 22:19:24 IST 2025,GET,http://10.0.2.15/index.php?language=en-gb&product_id=32&route=product/product,200,OK,155,697,31731,,
Not Text,Sun Jul 06 22:19:24 IST 2025,GET,http://10.0.2.15/image/cache/catalog/demo/ipod_touch_1-500x500.jpg,200,OK,35,233,38358,,
Not Text,Sun Jul 06 22:19:24 IST 2025,GET,http://10.0.2.15/image/cache/catalog/demo/ipod_touch_4-74x74.jpg,200,OK,25,231,1637,,
Not Text,Sun Jul 06 22:19:24 IST 2025,GET,http://10.0.2.15/image/cache/catalog/demo/ipod_touch_3-74x74.jpg,200,OK,39,231,1728,,
Not Text,Sun Jul 06 22:19:24 IST 2025,GET,http://10.0.2.15/image/cache/catalog/demo/ipod_touch_2-74x74.jpg,200,OK,10,231,2135,,
Not Text,Sun Jul 06 22:19:24 IST 2025,GET,http://10.0.2.15/image/cache/catalog/demo/ipod_touch_5-74x74.jpg,200,OK,4,231,2164,,
Not Text,Sun Jul 06 22:19:24 IST 2025,GET,http://10.0.2.15/image/cache/catalog/demo/ipod_touch_6-74x74.jpg,200,OK,33,231,2349,,
Not Text,Sun Jul 06 22:19:24 IST 2025,GET,http://10.0.2.15/image/cache/catalog/demo/ipod_touch_7-74x74.jpg,200,OK,22,231,2643,,
Successfully,Sun Jul 06 22:19:24 IST 2025,POST,http://10.0.2.15/index.php?language=en-gb&route=common/currency.save,302,Found,74,477,0,,
Successfully,Sun Jul 06 22:19:24 IST 2025,POST,http://10.0.2.15/,200,OK,375,697,31318,,
Successfully,Sun Jul 06 22:19:24 IST 2025,GET,http://10.0.2.15/?product_id=32&quantity=3,200,OK,302,801,31351,,
Successfully,Sun Jul 06 22:19:25 IST 2025,POST,http://10.0.2.15/index.php?language=en-gb&route=common/currency.save,302,Found,112,470,0,,
Successfully,Sun Jul 06 22:19:25 IST 2025,GET,http://10.0.2.15/index.php?language=en-gb&manufacturer_id=8&product_id=42&route=product/product,200,OK,343,697,54736,,
Successfully,Sun Jul 06 22:19:25 IST 2025,GET,http://10.0.2.15/index.php?language=en-gb&manufacturer_id=8&product_id=41&route=product/product,200,OK,304,801,32347,,
Successfully,Sun Jul 06 22:19:25 IST 2025,GET,http://10.0.2.15/index.php?language=en-gb&manufacturer_id=8&product_id=40&route=product/product,200,OK,230,697,33235,,
Successfully,Sun Jul 06 22:19:25 IST 2025,GET,http://10.0.2.15/index.php?language=en-gb&manufacturer_id=8&product_id=48&route=product/product,200,OK,195,697,31289,,
Successfully,Sun Jul 06 22:19:25 IST 2025,GET,http://10.0.2.15/index.php?language=en-gb&manufacturer_id=8&product_id=36&route=product/product,200,OK,136,697,31818,,
Successfully,Sun Jul 06 22:19:26 IST 2025,GET,http://10.0.2.15/index.php?language=en-gb&manufacturer_id=8&product_id=34&route=product/product,200,OK,142,697,31396,,
Successfully,Sun Jul 06 22:19:26 IST 2025,GET,http://10.0.2.15/index.php?language=en-gb&manufacturer_id=8&product_id=32&route=product/product,200,OK,330,697,32074,,
Successfully,Sun Jul 06 22:19:26 IST 2025,GET,http://10.0.2.15/index.php?language=en-gb&manufacturer_id=8&product_id=43&route=product/product,200,OK,255,697,32804,,
Successfully,Sun Jul 06 22:19:26 IST 2025,GET,http://10.0.2.15/index.php?language=en-gb&manufacturer_id=8&product_id=44&route=product/product,200,OK,236,697,30769,,
Successfully,Sun Jul 06 22:19:26 IST 2025,GET,http://10.0.2.15/index.php?language=en-gb&manufacturer_id=8&product_id=45&route=product/product,200,OK,223,697,31766,,
Successfully,Sun Jul 06 22:19:26 IST 2025,POST,http://10.0.2.15/index.php?language=en-gb&route=common/currency.save,302,Found,34,483,0,,
Successfully,Sun Jul 06 22:19:27 IST 2025,POST,http://10.0.2.15/index.php?language=en-gb&route=common/currency.save,302,Found,19,573,0,,
Successfully,Sun Jul 06 22:19:27 IST 2025,POST,http://10.0.2.15/index.php?language=en-gb&route=common/currency.save,302,Found,42,565,0,,
Successfully,Sun Jul 06 22:19:27 IST 2025,POST,http://10.0.2.15/index.php?language=en-gb&route=common/currency.save,302,Found,83,564,0,,
Successfully,Sun Jul 06 22:19:27 IST 2025,POST,http://10.0.2.15/index.php?language=en-gb&route=common/currency.save,302,Found,64,565,0,,
Successfully,Sun Jul 06 22:19:27 IST 2025,POST,http://10.0.2.15/index.php?language=en-gb&route=common/currency.save,302,Found,47,573,0,,
Successfully,Sun Jul 06 22:19:27 IST 2025,POST,http://10.0.2.15/index.php?language=en-gb&route=common/currency.save,302,Found,39,565,0,,
Successfully,Sun Jul 06 22:19:27 IST 2025,POST,http://10.0.2.15/index.php?language=en-gb&route=common/currency.save,302,Found,37,723,0,,
Successfully,Sun Jul 06 22:19:27 IST 2025,GET,http://10.0.2.15/index.php?language=en-gb&manufacturer_id=9&product_id=30&route=product/product,200,OK,133,801,32193,,
Successfully,Sun Jul 06 22:19:27 IST 2025,POST,http://10.0.2.15/index.php?language=en-gb&route=common/currency.save,302,Found,41,483,0,,
Successfully,Sun Jul 06 22:19:27 IST 2025,POST,http://10.0.2.15/index.php?language=en-gb&route=common/currency.save,302,Found,27,580,0,,
Successfully,Sun Jul 06 22:19:27 IST 2025,POST,http://10.0.2.15/index.php?language=en-gb&route=common/currency.save,302,Found,19,558,0,,
Successfully,Sun Jul 06 22:19:27 IST 2025,POST,http://10.0.2.15/index.php?language=en-gb&route=common/currency.save,302,Found,27,587,0,,
Successfully,Sun Jul 06 22:19:27 IST 2025,GET,http://10.0.2.15/index.php?language=en-gb&manufacturer_id=5&product_id=28&route=product/product,200,OK,197,801,32385,,
Successfully,Sun Jul 06 22:19:27 IST 2025,GET,http://10.0.2.15/index.php?language=en-gb&manufacturer_id=6&product_id=29&route=product/product,200,OK,230,801,31583,,
Successfully,Sun Jul 06 22:19:27 IST 2025,POST,http://10.0.2.15/index.php?language=en-gb&route=common/currency.save,302,Found,108,483,0,,
Successfully,Sun Jul 06 22:19:27 IST 2025,POST,http://10.0.2.15/index.php?language=en-gb&route=common/currency.save,302,Found,79,483,0,,
Successfully,Sun Jul 06 22:19:27 IST 2025,GET,http://10.0.2.15/index.php?language=en-gb&manufacturer_id=10&product_id=46&route=product/product,200,OK,230,801,31062,,
Successfully,Sun Jul 06 22:19:27 IST 2025,POST,http://10.0.2.15/index.php?language=en-gb&route=common/currency.save,302,Found,69,588,0,,
Successfully,Sun Jul 06 22:19:28 IST 2025,POST,http://10.0.2.15/index.php?language=en-gb&route=common/currency.save,302,Found,54,591,0,,
Successfully,Sun Jul 06 22:19:28 IST 2025,POST,http://10.0.2.15/index.php?language=en-gb&route=common/currency.save,302,Found,61,573,0,,
Successfully,Sun Jul 06 22:19:28 IST 2025,POST,http://10.0.2.15/index.php?language=en-gb&route=common/currency.save,302,Found,58,588,0,,
Successfully,Sun Jul 06 22:19:28 IST 2025,POST,http://10.0.2.15/index.php?language=en-gb&route=common/currency.save,302,Found,33,573,0,,
Successfully,Sun Jul 06 22:19:28 IST 2025,POST,http://10.0.2.15/index.php?language=en-gb&route=common/currency.save,302,Found,33,565,0,,
Successfully,Sun Jul 06 22:19:28 IST 2025,POST,http://10.0.2.15/index.php?language=en-gb&route=common/currency.save,302,Found,27,573,0,,
Successfully,Sun Jul 06 22:19:28 IST 2025,POST,http://10.0.2.15/index.php?language=en-gb&route=common/currency.save,302,Found,30,565,0,,
Successfully,Sun Jul 06 22:19:28 IST 2025,POST,http://10.0.2.15/index.php?language=en-gb&route=common/currency.save,302,Found,91,573,0,,
Successfully,Sun Jul 06 22:19:28 IST 2025,POST,http://10.0.2.15/index.php?language=en-gb&route=common/currency.save,302,Found,46,565,0,,
Successfully,Sun Jul 06 22:19:28 IST 2025,POST,http://10.0.2.15/index.php?language=en-gb&route=common/currency.save,302,Found,50,573,0,,
Successfully,Sun Jul 06 22:19:28 IST 2025,POST,http://10.0.2.15/index.php?language=en-gb&route=common/currency.save,302,Found,63,580,0,,
Successfully,Sun Jul 06 22:19:28 IST 2025,POST,http://10.0.2.15/index.php?language=en-gb&route=common/currency.save,302,Found,47,573,0,,
Successfully,Sun Jul 06 22:19:28 IST 2025,POST,http://10.0.2.15/index.php?language=en-gb&route=common/currency.save,302,Found,61,565,0,,
Successfully,Sun Jul 06 22:19:28 IST 2025,POST,http://10.0.2.15/index.php?language=en-gb&route=common/currency.save,302,Found,36,588,0,,
Successfully,Sun Jul 06 22:19:28 IST 2025,POST,http://10.0.2.15/index.php?language=en-gb&route=common/currency.save,302,Found,63,588,0,,
Successfully,Sun Jul 06 22:19:28 IST 2025,GET,http://10.0.2.15/index.php?language=en-gb&page=1&path=20&product_id=42&route=product/product,200,OK,242,801,54597,,
Successfully,Sun Jul 06 22:19:28 IST 2025,GET,http://10.0.2.15/index.php?language=en-gb&page=1&path=20&product_id=30&route=product/product,200,OK,223,801,32054,,
Successfully,Sun Jul 06 22:19:29 IST 2025,GET,http://10.0.2.15/index.php?language=en-gb&page=1&path=20&product_id=47&route=product/product,200,OK,259,697,32498,,
Successfully,Sun Jul 06 22:19:29 IST 2025,GET,http://10.0.2.15/index.php?language=en-gb&page=1&path=20&product_id=28&route=product/product,200,OK,211,697,32248,,
Successfully,Sun Jul 06 22:19:29 IST 2025,GET,http://10.0.2.15/index.php?language=en-gb&page=1&path=20&product_id=40&route=product/product,200,OK,267,697,33096,,
Successfully,Sun Jul 06 22:19:29 IST 2025,GET,http://10.0.2.15/index.php?language=en-gb&page=1&path=20&product_id=48&route=product/product,200,OK,255,697,31150,,
Successfully,Sun Jul 06 22:19:29 IST 2025,GET,http://10.0.2.15/index.php?language=en-gb&page=1&path=20&product_id=43&route=product/product,200,OK,217,697,32665,,
Successfully,Sun Jul 06 22:19:29 IST 2025,GET,http://10.0.2.15/index.php?language=en-gb&page=1&path=20&product_id=44&route=product/product,200,OK,228,697,30630,,
Successfully,Sun Jul 06 22:19:30 IST 2025,GET,http://10.0.2.15/index.php?language=en-gb&page=1&path=20&product_id=29&route=product/product,200,OK,117,697,31445,,
Successfully,Sun Jul 06 22:19:30 IST 2025,GET,http://10.0.2.15/index.php?language=en-gb&page=1&path=20&product_id=35&route=product/product,200,OK,140,697,29885,,
Successfully,Sun Jul 06 22:19:30 IST 2025,POST,http://10.0.2.15/index.php?language=en-gb&route=common/currency.save,302,Found,48,471,0,,
Successfully,Sun Jul 06 22:19:30 IST 2025,POST,http://10.0.2.15/index.php?language=en-gb&route=common/currency.save,302,Found,71,565,0,,
Successfully,Sun Jul 06 22:19:30 IST 2025,POST,http://10.0.2.15/index.php?language=en-gb&route=common/currency.save,302,Found,130,573,0,,
Successfully,Sun Jul 06 22:19:30 IST 2025,POST,http://10.0.2.15/index.php?language=en-gb&route=common/currency.save,302,Found,34,573,0,,
Successfully,Sun Jul 06 22:19:30 IST 2025,POST,http://10.0.2.15/index.php?language=en-gb&route=common/currency.save,302,Found,75,565,0,,
Successfully,Sun Jul 06 22:19:30 IST 2025,POST,http://10.0.2.15/index.php?language=en-gb&route=common/currency.save,302,Found,61,565,0,,
Successfully,Sun Jul 06 22:19:30 IST 2025,POST,http://10.0.2.15/index.php?language=en-gb&route=common/currency.save,302,Found,30,573,0,,
Successfully,Sun Jul 06 22:19:30 IST 2025,POST,http://10.0.2.15/index.php?language=en-gb&route=common/currency.save,302,Found,59,565,0,,
Successfully,Sun Jul 06 22:19:30 IST 2025,POST,http://10.0.2.15/index.php?language=en-gb&route=common/currency.save,302,Found,44,573,0,,
Successfully,Sun Jul 06 22:19:30 IST 2025,POST,http://10.0.2.15/index.php?language=en-gb&route=common/currency.save,302,Found,46,565,0,,
Successfully,Sun Jul 06 22:19:30 IST 2025,POST,http://10.0.2.15/index.php?language=en-gb&route=common/currency.save,302,Found,55,573,0,,
Successfully,Sun Jul 06 22:19:30 IST 2025,POST,http://10.0.2.15/index.php?language=en-gb&route=common/currency.save,302,Found,41,573,0,,
Successfully,Sun Jul 06 22:19:30 IST 2025,POST,http://10.0.2.15/index.php?language=en-gb&route=common/currency.save,302,Found,86,565,0,,
Successfully,Sun Jul 06 22:19:30 IST 2025,POST,http://10.0.2.15/index.php?language=en-gb&route=common/currency.save,302,Found,52,565,0,,
Successfully,Sun Jul 06 22:19:30 IST 2025,POST,http://10.0.2.15/index.php?language=en-gb&route=common/currency.save,302,Found,41,573,0,,
Successfully,Sun Jul 06 22:19:30 IST 2025,POST,http://10.0.2.15/index.php?language=en-gb&route=common/currency.save,302,Found,63,565,0,,
Successfully,Sun Jul 06 22:19:30 IST 2025,POST,http://10.0.2.15/index.php?language=en-gb&route=common/currency.save,302,Found,59,591,0,,
Successfully,Sun Jul 06 22:19:31 IST 2025,POST,http://10.0.2.15/index.php?language=en-gb&route=common/currency.save,302,Found,55,591,0,,
Successfully,Sun Jul 06 22:19:31 IST 2025,POST,http://10.0.2.15/index.php?language=en-gb&route=common/currency.save,302,Found,46,591,0,,
Successfully,Sun Jul 06 22:19:31 IST 2025,POST,http://10.0.2.15/index.php?language=en-gb&route=common/currency.save,302,Found,35,591,0,,
Successfully,Sun Jul 06 22:19:31 IST 2025,POST,http://10.0.2.15/index.php?language=en-gb&route=common/currency.save,302,Found,49,591,0,,
Successfully,Sun Jul 06 22:19:31 IST 2025,POST,http://10.0.2.15/index.php?language=en-gb&route=common/currency.save,302,Found,27,591,0,,
Successfully,Sun Jul 06 22:19:31 IST 2025,POST,http://10.0.2.15/index.php?language=en-gb&route=common/currency.save,302,Found,37,591,0,,
Successfully,Sun Jul 06 22:19:31 IST 2025,POST,http://10.0.2.15/index.php?language=en-gb&route=common/currency.save,302,Found,57,591,0,,
Successfully,Sun Jul 06 22:19:31 IST 2025,POST,http://10.0.2.15/index.php?language=en-gb&route=common/currency.save,302,Found,98,591,0,,
Successfully,Sun Jul 06 22:19:31 IST 2025,POST,http://10.0.2.15/index.php?language=en-gb&route=common/currency.save,302,Found,47,591,0,,
Successfully,Sun Jul 06 22:19:31 IST 2025,GET,http://10.0.2.15/index.php?product_id=43&quantity=3&route=common/home,200,OK,309,801,31351,,
Successfully,Sun Jul 06 22:19:31 IST 2025,GET,http://10.0.2.15/index.php?name=ZAP&rating=1&route=common/home&text,200,OK,363,801,31354,,
Successfully,Sun Jul 06 22:19:31 IST 2025,GET,http://10.0.2.15/index.php?product_id=49&quantity=3&route=common/home,200,OK,234,697,31351,,
Successfully,Sun Jul 06 22:19:31 IST 2025,GET,http://10.0.2.15/index.php?product_id=40&quantity=3&route=common/home,200,OK,237,697,31351,,
Successfully,Sun Jul 06 22:19:32 IST 2025,GET,http://10.0.2.15/index.php?option%5B208%5D=test&option%5B209%5D&option%5B217%5D=4&option%5B218%5D=5&option%5B219%5D=2011-02-20&option%5B220%5D=2011-02-20%2022:25&option%5B221%5D=22:25&option%5B222%5D&option%5B223%5D%5B0%5D=8&product_id=42&quantity=3&route=common/home,200,OK,272,697,31545,,
Successfully,Sun Jul 06 22:19:32 IST 2025,GET,http://10.0.2.15/index.php?option%5B226%5D=15&product_id=30&quantity=3&route=common/home,200,OK,296,697,31370,,
Successfully,Sun Jul 06 22:19:32 IST 2025,POST,http://10.0.2.15/index.php?language=en-gb&route=common/currency.save,302,Found,42,487,0,,
Successfully,Sun Jul 06 22:19:32 IST 2025,POST,http://10.0.2.15/index.php?language=en-gb&route=common/currency.save,302,Found,94,591,0,,
Successfully,Sun Jul 06 22:19:32 IST 2025,POST,http://10.0.2.15/index.php?language=en-gb&route=common/currency.save,302,Found,50,591,0,,
Max Depth,Sun Jul 06 22:19:32 IST 2025,GET,http://10.0.2.15/index.php?option%5B225%5D=2011-04-22&product_id=47&quantity=3&route=common/home,200,OK,315,801,31378,,
Max Depth,Sun Jul 06 22:19:32 IST 2025,GET,http://10.0.2.15/index.php?product_id=28&quantity=3&route=common/home,200,OK,296,801,31351,,
Successfully,Sun Jul 06 22:19:32 IST 2025,POST,http://10.0.2.15/index.php?language=en-gb&route=common/currency.save,302,Found,28,488,0,,
Max Depth,Sun Jul 06 22:19:32 IST 2025,GET,http://10.0.2.15/index.php?product_id=48&quantity=3&route=common/home,200,OK,383,801,31351,,
Max Depth,Sun Jul 06 22:19:32 IST 2025,GET,http://10.0.2.15/index.php?product_id=44&quantity=3&route=common/home,200,OK,360,801,31351,,
Max Depth,Sun Jul 06 22:19:33 IST 2025,GET,http://10.0.2.15/index.php?option%5B224%5D=13&product_id=35&quantity=3&route=common/home,200,OK,308,697,31370,,
Max Depth,Sun Jul 06 22:19:33 IST 2025,GET,http://10.0.2.15/index.php?product_id=29&quantity=3&route=common/home,200,OK,293,697,31351,,
Max Depth,Sun Jul 06 22:19:33 IST 2025,POST,http://10.0.2.15/index.php?language=en-gb&route=common/currency.save,302,Found,34,484,0,,
Max Depth,Sun Jul 06 22:19:33 IST 2025,POST,http://10.0.2.15/index.php?language=en-gb&route=common/currency.save,302,Found,94,588,0,,
Max Depth,Sun Jul 06 22:19:33 IST 2025,POST,http://10.0.2.15/index.php?language=en-gb&route=common/currency.save,302,Found,34,588,0,,
Max Depth,Sun Jul 06 22:19:33 IST 2025,POST,http://10.0.2.15/index.php?language=en-gb&route=common/currency.save,302,Found,19,588,0,,
Max Depth,Sun Jul 06 22:19:33 IST 2025,POST,http://10.0.2.15/index.php?language=en-gb&route=common/currency.save,302,Found,46,588,0,,
Max Depth,Sun Jul 06 22:19:33 IST 2025,POST,http://10.0.2.15/index.php?language=en-gb&route=common/currency.save,302,Found,41,588,0,,
Max Depth,Sun Jul 06 22:19:33 IST 2025,POST,http://10.0.2.15/index.php?language=en-gb&route=common/currency.save,302,Found,27,588,0,,
Max Depth,Sun Jul 06 22:19:33 IST 2025,POST,http://10.0.2.15/index.php?language=en-gb&route=common/currency.save,302,Found,44,588,0,,
Max Depth,Sun Jul 06 22:19:33 IST 2025,POST,http://10.0.2.15/index.php?language=en-gb&route=common/currency.save,302,Found,35,588,0,,
Max Depth,Sun Jul 06 22:19:33 IST 2025,POST,http://10.0.2.15/index.php?language=en-gb&route=common/currency.save,302,Found,47,588,0,,
Max Depth,Sun Jul 06 22:19:33 IST 2025,GET,http://10.0.2.15/index.php?product_id=41&quantity=3&route=common/home,200,OK,338,801,31351,,
Max Depth,Sun Jul 06 22:19:33 IST 2025,GET,http://10.0.2.15/index.php?product_id=46&quantity=3&route=common/home,200,OK,303,801,31351,,
Max Depth,Sun Jul 06 22:19:34 IST 2025,GET,http://10.0.2.15/index.php?product_id=45&quantity=3&route=common/home,200,OK,287,697,31351,,
Max Depth,Sun Jul 06 22:19:34 IST 2025,GET,http://10.0.2.15/index.php?product_id=33&quantity=3&route=common/home,200,OK,374,697,31351,,
Max Depth,Sun Jul 06 22:19:34 IST 2025,GET,http://10.0.2.15/index.php?product_id=31&quantity=3&route=common/home,200,OK,297,697,31351,,
Max Depth,Sun Jul 06 22:19:34 IST 2025,GET,http://10.0.2.15/index.php?product_id=34&quantity=3&route=common/home,200,OK,320,697,31351,,
Max Depth,Sun Jul 06 22:19:34 IST 2025,GET,http://10.0.2.15/index.php?product_id=36&quantity=3&route=common/home,200,OK,335,697,31351,,
Max Depth,Sun Jul 06 22:19:34 IST 2025,GET,http://10.0.2.15/index.php?product_id=32&quantity=3&route=common/home,200,OK,272,697,31351,,
